"","m","km","miles","seconds","minutes","hours","startLon","startLat","endLon","endLat","leg","route"
"1",270,0.27,0.167778,59,0.983333333333333,0.0163888888888889,-76.6209634,39.289946,-76.6208115,39.2875231,1,"A"
"2",239,0.239,0.1485146,112,1.86666666666667,0.0311111111111111,-76.6208115,39.2875231,-76.6235888,39.2874169,2,"A"
"3",268,0.268,0.1665352,97,1.61666666666667,0.0269444444444444,-76.6235888,39.2874169,-76.6234766,39.2850073,3,"A"
"4",1522,1.522,0.9457708,344,5.73333333333333,0.0955555555555556,-76.6234766,39.2850073,-76.6380745,39.2785363,4,"A"
"5",28,0.028,0.0173992,5,0.0833333333333333,0.00138888888888889,-76.6380745,39.2785363,-76.6383344,39.2786739,5,"A"
"6",1007,1.007,0.6257498,204,3.4,0.0566666666666667,-76.6383344,39.2786739,-76.6463405,39.2721956,6,"A"
"7",11,0.011,0.0068354,1,0.0166666666666667,0.000277777777777778,-76.6463405,39.2721956,-76.6462431,39.2721285,7,"A"
"8",285,0.285,0.177099,90,1.5,0.025,-76.6462431,39.2721285,-76.6484187,39.2702007,8,"A"
"9",4951,4.951,3.0765514,1082,18.0333333333333,0.300555555555556,-76.6484187,39.2702007,-76.663282,39.2375785,9,"A"
"10",1569,1.569,0.9749766,327,5.45,0.0908333333333333,-76.663282,39.2375785,-76.6654664,39.2245956,10,"A"
"11",1036,1.036,0.6437704,234,3.9,0.065,-76.6654664,39.2245956,-76.675581,39.2203025,11,"A"
"12",1988,1.988,1.2353432,434,7.23333333333333,0.120555555555556,-76.675581,39.2203025,-76.6940039,39.2115885,12,"A"
"13",954,0.954,0.5928156,265,4.41666666666667,0.0736111111111111,-76.6940039,39.2115885,-76.7028979,39.212954,13,"A"
"14",3170,3.17,1.969838,577,9.61666666666667,0.160277777777778,-76.7028979,39.212954,-76.7207922,39.1905019,14,"A"
"15",209,0.209,0.1298726,69,1.15,0.0191666666666667,-76.7207922,39.1905019,-76.7189736,39.1892564,15,"A"
"16",1964,1.964,1.2204296,426,7.1,0.118333333333333,-76.7189736,39.1892564,-76.7326558,39.1796081,16,"A"
"17",342,0.342,0.2125188,51,0.85,0.0141666666666667,-76.7326558,39.1796081,-76.7352987,39.1818667,17,"A"
"18",793,0.793,0.4927702,304,5.06666666666667,0.0844444444444444,-76.7352987,39.1818667,-76.74099,39.1763543,18,"A"
"19",220,0.22,0.136708,39,0.65,0.0108333333333333,-76.74099,39.1763543,-76.7431389,39.1773866,19,"A"
"20",2644,2.644,1.6429816,611,10.1833333333333,0.169722222222222,-76.7431389,39.1773866,-76.7591519,39.1597572,20,"A"
"21",1111,1.111,0.6903754,262,4.36666666666667,0.0727777777777778,-76.7591519,39.1597572,-76.7701593,39.1644284,21,"A"
"22",5776,5.776,3.5892064,1495,24.9166666666667,0.415277777777778,-76.7701593,39.1644284,-76.7964728,39.1208592,22,"A"
"23",328,0.328,0.2038192,64,1.06666666666667,0.0177777777777778,-76.7964728,39.1208592,-76.7983897,39.1222727,23,"A"
"24",8543,8.543,5.3086202,1701,28.35,0.4725,-76.7983897,39.1222727,-76.8430963,39.07002,24,"A"
"25",616,0.616,0.3827824,152,2.53333333333333,0.0422222222222222,-76.8430963,39.07002,-76.8488989,39.0669666,25,"A"
"26",1410,1.41,0.876174,374,6.23333333333333,0.103888888888889,-76.8488989,39.0669666,-76.8549041,39.0558306,26,"A"
"27",1275,1.275,0.792285,272,4.53333333333333,0.0755555555555556,-76.8549041,39.0558306,-76.869487,39.0562355,27,"A"
"28",1148,1.148,0.7133672,183,3.05,0.0508333333333333,-76.869487,39.0562355,-76.8734374,39.0469823,28,"A"
"29",2219,2.219,1.3788866,445,7.41666666666667,0.123611111111111,-76.8734374,39.0469823,-76.897783,39.04307,29,"A"
"30",2302,2.302,1.4304628,441,7.35,0.1225,-76.897783,39.04307,-76.9014006,39.0230564,30,"A"
"31",1430,1.43,0.888602,309,5.15,0.0858333333333333,-76.9014006,39.0230564,-76.9173521,39.0253249,31,"A"
"32",3107,3.107,1.9306898,530,8.83333333333333,0.147222222222222,-76.9173521,39.0253249,-76.9256223,38.9981769,32,"A"
"33",908,0.908,0.5642312,176,2.93333333333333,0.0488888888888889,-76.9256223,38.9981769,-76.9281875,38.9903443,33,"A"
"34",68,0.068,0.0422552,10,0.166666666666667,0.00277777777777778,-76.9281875,38.9903443,-76.9284473,38.9897742,34,"A"
"35",193,0.193,0.1199302,30,0.5,0.00833333333333333,-76.9284473,38.9897742,-76.929053,38.9881139,35,"A"
"36",139,0.139,0.0863746,23,0.383333333333333,0.00638888888888889,-76.929053,38.9881139,-76.9295755,38.9869498,36,"A"
"37",370,0.37,0.229918,60,1,0.0166666666666667,-76.9295755,38.9869498,-76.925713,38.9857427,37,"A"
"38",278,0.278,0.1727492,54,0.9,0.015,-76.925713,38.9857427,-76.9246865,38.9844754,38,"A"
"39",416,0.416,0.2585024,71,1.18333333333333,0.0197222222222222,-76.9246865,38.9844754,-76.920941,38.9831961,39,"A"
"40",181,0.181,0.1124734,28,0.466666666666667,0.00777777777777778,-76.920941,38.9831961,-76.9202226,38.9818088,40,"A"
"41",959,0.959,0.5959226,166,2.76666666666667,0.0461111111111111,-76.9202226,38.9818088,-76.9205014,38.9760872,41,"A"
"42",241,0.241,0.1497574,64,1.06666666666667,0.0177777777777778,-76.9205014,38.9760872,-76.9206631,38.9753526,42,"A"
"43",30,0.03,0.018642,5,0.0833333333333333,0.00138888888888889,-76.9206631,38.9753526,-76.9210037,38.9754211,43,"A"
"44",4193,4.193,2.6055302,792,13.2,0.22,-76.9210037,38.9754211,-76.9420834,38.9451914,44,"A"
"45",48,0.048,0.0298272,26,0.433333333333333,0.00722222222222222,-76.9420834,38.9451914,-76.9418549,38.9455702,45,"A"
"46",377,0.377,0.2342678,62,1.03333333333333,0.0172222222222222,-76.9418549,38.9455702,-76.945914,38.9462512,46,"A"
"47",1672,1.672,1.0389808,411,6.85,0.114166666666667,-76.945914,38.9462512,-76.960624,38.936582,47,"A"
"48",1788,1.788,1.1110632,401,6.68333333333333,0.111388888888889,-76.960624,38.936582,-76.9781656,38.928182,48,"A"
"49",1237,1.237,0.7686718,305,5.08333333333333,0.0847222222222222,-76.9781656,38.928182,-76.992433,38.927516,49,"A"
"50",334,0.334,0.2075476,76,1.26666666666667,0.0211111111111111,-76.992433,38.927516,-76.992426,38.924511,50,"A"
"51",113,0.113,0.0702182,14,0.233333333333333,0.00388888888888889,-76.992426,38.924511,-76.993735,38.924501,51,"A"
"52",288,0.288,0.1789632,37,0.616666666666667,0.0102777777777778,-76.993735,38.924501,-76.9939132,38.9219253,52,"A"
"53",85,0.085,0.052819,78,1.3,0.0216666666666667,-76.9939132,38.9219253,-76.9936427,38.9211982,53,"A"
"54",214,0.214,0.1329796,42,0.7,0.0116666666666667,-76.9936427,38.9211982,-76.9958955,38.9204493,54,"A"
"55",187,0.187,0.1162018,29,0.483333333333333,0.00805555555555556,-76.9958955,38.9204493,-76.9962817,38.9218662,55,"A"
"56",1119,1.119,0.6953466,182,3.03333333333333,0.0505555555555556,-76.9962817,38.9218662,-77.0011632,38.9125966,56,"A"
"57",2888,2.888,1.7946032,800,13.3333333333333,0.222222222222222,-77.0011632,38.9125966,-77.0345334,38.9126048,57,"A"
"58",520,0.52,0.323128,78,1.3,0.0216666666666667,-77.0345334,38.9126048,-77.0345599,38.9079272,58,"A"
"59",161,0.161,0.1000454,51,0.85,0.0141666666666667,-77.0345599,38.9079272,-77.0362911,38.9074348,59,"A"
"60",147,0.147,0.0913458,36,0.6,0.01,-77.0362911,38.9074348,-77.0376638,38.9068501,60,"A"
"61",333,0.333,0.2069262,48,0.8,0.0133333333333333,-77.0376638,38.9068501,-77.0411838,38.9056297,61,"A"
"62",2398,2.398,1.4901172,651,10.85,0.180833333333333,-77.0411838,38.9056297,-77.0687829,38.9050582,62,"A"
"63",730,0.73,0.453622,266,4.43333333333333,0.0738888888888889,-77.0687829,38.9050582,-77.0719782,38.8991518,63,"A"
"64",1157,1.157,0.7189598,414,6.9,0.115,-77.0719782,38.8991518,-77.0846936,38.8967098,64,"A"
"65",1706,1.706,1.0601084,483,8.05,0.134166666666667,-77.0846936,38.8967098,-77.1004627,38.8946303,65,"A"
"66",451,0.451,0.2802514,117,1.95,0.0325,-77.1004627,38.8946303,-77.1032355,38.8913483,66,"A"
"67",1268,1.268,0.7879352,366,6.1,0.101666666666667,-77.1032355,38.8913483,-77.1167089,38.8877451,67,"A"
"68",725,0.725,0.450515,171,2.85,0.0475,-77.1167089,38.8877451,-77.1217781,38.8829536,68,"A"
"69",1413,1.413,0.8780382,330,5.5,0.0916666666666667,-77.1217781,38.8829536,-77.1361749,38.8791171,69,"A"
"70",237,0.237,0.1472718,56,0.933333333333333,0.0155555555555556,-77.1361749,38.8791171,-77.1388225,38.8791102,70,"A"
"71",1523,1.523,0.9463922,316,5.26666666666667,0.0877777777777778,-77.1388225,38.8791102,-77.1542349,38.8839249,71,"A"
"72",329,0.329,0.2044406,62,1.03333333333333,0.0172222222222222,-77.1542349,38.8839249,-77.1573598,38.8825716,72,"A"
"73",19,0.019,0.0118066,2,0.0333333333333333,0.000555555555555556,-77.1573598,38.8825716,-77.1574061,38.882737,73,"A"
"74",11,0.011,0.0068354,2,0.0333333333333333,0.000555555555555556,-77.1574061,38.882737,-77.1573702,38.8828302,74,"A"
"75",112,0.112,0.0695968,29,0.483333333333333,0.00805555555555556,-77.1573702,38.8828302,-77.1567744,38.8834505,75,"A"
"76",214,0.214,0.1329796,71,1.18333333333333,0.0197222222222222,-77.1567744,38.8834505,-77.1573085,38.8852263,76,"A"
"77",504,0.504,0.3131856,84,1.4,0.0233333333333333,-77.1573085,38.8852263,-77.1618929,38.8871862,77,"A"
"78",1612,1.612,1.0016968,423,7.05,0.1175,-77.1618929,38.8871862,-77.179708,38.8910864,78,"A"
"79",408,0.408,0.2535312,96,1.6,0.0266666666666667,-77.179708,38.8910864,-77.1843566,38.8916985,79,"A"
"80",781,0.781,0.4853134,167,2.78333333333333,0.0463888888888889,-77.1843566,38.8916985,-77.1933473,38.8915247,80,"A"
"81",1082,1.082,0.6723548,252,4.2,0.07,-77.1933473,38.8915247,-77.2055058,38.8900559,81,"A"
"82",558,0.558,0.3467412,231,3.85,0.0641666666666667,-77.2055058,38.8900559,-77.2112529,38.8913825,82,"A"
"83",4555,4.555,2.830477,831,13.85,0.230833333333333,-77.2112529,38.8913825,-77.2592886,38.9009997,83,"A"
"84",77,0.077,0.0478478,38,0.633333333333333,0.0105555555555556,-77.2592886,38.9009997,-77.2600912,38.9009428,84,"A"
"85",64,0.064,0.0397696,13,0.216666666666667,0.00361111111111111,-77.2600912,38.9009428,-77.2600932,38.9004173,85,"A"
"86",223,0.223,0.1385722,35,0.583333333333333,0.00972222222222222,-77.2600932,38.9004173,-77.261915,38.8990397,86,"A"
"87",169,0.169,0.1050166,26,0.433333333333333,0.00722222222222222,-77.261915,38.8990397,-77.2633102,38.9001072,87,"A"
"88",385,0.385,0.239239,107,1.78333333333333,0.0297222222222222,-77.2633102,38.9001072,-77.2664648,38.8976786,88,"A"
"89",3099,3.099,1.9257186,694,11.5666666666667,0.192777777777778,-77.2664648,38.8976786,-77.2929066,38.8828487,89,"A"
"90",1332,1.332,0.8277048,329,5.48333333333333,0.0913888888888889,-77.2929066,38.8828487,-77.305725,38.8772708,90,"A"
"91",1894,1.894,1.1769316,391,6.51666666666667,0.108611111111111,-77.305725,38.8772708,-77.3216443,38.8669799,91,"A"
"92",204,0.204,0.1267656,128,2.13333333333333,0.0355555555555556,-77.3216443,38.8669799,-77.3228247,38.865395,92,"A"
"93",9,0.009,0.0055926,22,0.366666666666667,0.00611111111111111,-77.3228247,38.865395,-77.322733,38.8653617,93,"A"
"94",1073,1.073,0.6667622,196,3.26666666666667,0.0544444444444444,-77.322733,38.8653617,-77.3304431,38.85792,94,"A"
"95",16,0.016,0.0099424,4,0.0666666666666667,0.00111111111111111,-77.3304431,38.85792,-77.3305845,38.8580158,95,"A"
"96",370,0.37,0.229918,148,2.46666666666667,0.0411111111111111,-77.3305845,38.8580158,-77.3327293,38.855175,96,"A"
"97",91,0.091,0.0565474,14,0.233333333333333,0.00388888888888889,-77.3327293,38.855175,-77.3337472,38.855394,97,"A"
"98",215,0.215,0.133601,36,0.6,0.01,-77.3337472,38.855394,-77.3357902,38.8552929,98,"A"
"99",80,0.08,0.049712,11,0.183333333333333,0.00305555555555556,-77.3357902,38.8552929,-77.3365965,38.8556526,99,"A"
"100",746,0.746,0.4635644,246,4.1,0.0683333333333333,-77.3365965,38.8556526,-77.3379492,38.8492322,100,"A"
"101",6,0.006,0.0037284,2,0.0333333333333333,0.000555555555555556,-77.3379492,38.8492322,-77.3380218,38.8492425,101,"A"
"102",1889,1.889,1.1738246,343,5.71666666666667,0.0952777777777778,-77.3380218,38.8492425,-77.3448129,38.8335585,102,"A"
"103",1815,1.815,1.127841,288,4.8,0.08,-77.3448129,38.8335585,-77.3645879,38.8292117,103,"A"
"104",368,0.368,0.2286752,127,2.11666666666667,0.0352777777777778,-77.3645879,38.8292117,-77.3684276,38.8278466,104,"A"
"105",3999,3.999,2.4849786,762,12.7,0.211666666666667,-77.3684276,38.8278466,-77.4129533,38.830326,105,"A"
"106",12,0.012,0.0074568,2,0.0333333333333333,0.000555555555555556,-77.4129533,38.830326,-77.4129895,38.8302255,106,"A"
"107",617,0.617,0.3834038,109,1.81666666666667,0.0302777777777778,-77.4129895,38.8302255,-77.4199988,38.8292877,107,"A"
"108",561,0.561,0.3486054,167,2.78333333333333,0.0463888888888889,-77.4199988,38.8292877,-77.4262272,38.8282455,108,"A"
"109",917,0.917,0.5698238,167,2.78333333333333,0.0463888888888889,-77.4262272,38.8282455,-77.4362969,38.8272588,109,"A"
"110",2231,2.231,1.3863434,315,5.25,0.0875,-77.4362969,38.8272588,-77.4486316,38.809762,110,"A"
"111",102,0.102,0.0633828,86,1.43333333333333,0.0238888888888889,-77.4486316,38.809762,-77.4497326,38.809989,111,"A"
"112",1563,1.563,0.9712482,229,3.81666666666667,0.0636111111111111,-77.4497326,38.809989,-77.457533,38.7974611,112,"A"
"113",561,0.561,0.3486054,173,2.88333333333333,0.0480555555555556,-77.457533,38.7974611,-77.45803,38.7926141,113,"A"
"114",595,0.595,0.369733,88,1.46666666666667,0.0244444444444444,-77.45803,38.7926141,-77.464863,38.793096,114,"A"
"115",383,0.383,0.2379962,91,1.51666666666667,0.0252777777777778,-77.464863,38.793096,-77.4652491,38.7896605,115,"A"
"116",753,0.753,0.4679142,134,2.23333333333333,0.0372222222222222,-77.4652491,38.7896605,-77.4733848,38.7913155,116,"A"
"117",945,0.945,0.587223,178,2.96666666666667,0.0494444444444444,-77.4733848,38.7913155,-77.4811759,38.7854309,117,"A"
"118",85,0.085,0.052819,21,0.35,0.00583333333333333,-77.4811759,38.7854309,-77.4807821,38.7847331,118,"A"
"119",579,0.579,0.3597906,102,1.7,0.0283333333333333,-77.4807821,38.7847331,-77.4853167,38.7810489,119,"A"
"120",2979,2.979,1.8511506,667,11.1166666666667,0.185277777777778,-77.4853167,38.7810489,-77.516854,38.7820946,120,"A"
"121",242,0.242,0.1503788,54,0.9,0.015,-77.516854,38.7820946,-77.51874,38.7837022,121,"A"
"122",1293,1.293,0.8034702,265,4.41666666666667,0.0736111111111111,-77.51874,38.7837022,-77.528484,38.7749064,122,"A"
"123",21,0.021,0.0130494,4,0.0666666666666667,0.00111111111111111,-77.528484,38.7749064,-77.5283147,38.7747774,123,"A"
"124",5541,5.541,3.4431774,1118,18.6333333333333,0.310555555555556,-77.5283147,38.7747774,-77.5749348,38.7464277,124,"A"
"125",5,0.005,0.003107,22,0.366666666666667,0.00611111111111111,-77.5749348,38.7464277,-77.5748734,38.746435,125,"A"
"126",1372,1.372,0.8525608,270,4.5,0.075,-77.5748734,38.746435,-77.5795846,38.7347108,126,"A"
"127",24,0.024,0.0149136,6,0.1,0.00166666666666667,-77.5795846,38.7347108,-77.5798542,38.7347685,127,"A"
"128",213,0.213,0.1323582,73,1.21666666666667,0.0202777777777778,-77.5798542,38.7347685,-77.5802447,38.7328855,128,"A"
"129",406,0.406,0.2522884,102,1.7,0.0283333333333333,-77.5802447,38.7328855,-77.5756035,38.7326663,129,"A"
"130",1249,1.249,0.7761286,220,3.66666666666667,0.0611111111111111,-77.5756035,38.7326663,-77.576943,38.722451,130,"A"
"131",2531,2.531,1.5727634,433,7.21666666666667,0.120277777777778,-77.576943,38.722451,-77.58711,38.701422,131,"A"
"132",295,0.295,0.183313,59,0.983333333333333,0.0163888888888889,-77.58711,38.701422,-77.5840363,38.7002797,132,"A"
"133",265,0.265,0.164671,45,0.75,0.0125,-77.5840363,38.7002797,-77.5861886,38.698709,133,"A"
"134",7315,7.315,4.545541,1274,21.2333333333333,0.353888888888889,-77.5861886,38.698709,-77.6412957,38.65552,134,"A"
"135",2680,2.68,1.665352,464,7.73333333333333,0.128888888888889,-77.6412957,38.65552,-77.625067,38.6362774,135,"A"
"136",4112,4.112,2.5551968,808,13.4666666666667,0.224444444444444,-77.625067,38.6362774,-77.6436947,38.6048112,136,"A"
"137",3487,3.487,2.1668218,533,8.88333333333333,0.148055555555556,-77.6436947,38.6048112,-77.6202217,38.5834002,137,"A"
"138",580,0.58,0.360412,163,2.71666666666667,0.0452777777777778,-77.6202217,38.5834002,-77.6136518,38.5835146,138,"A"
"139",992,0.992,0.6164288,196,3.26666666666667,0.0544444444444444,-77.6136518,38.5835146,-77.6143313,38.5747447,139,"A"
"140",5960,5.96,3.703544,1209,20.15,0.335833333333333,-77.6143313,38.5747447,-77.5657778,38.5422321,140,"A"
"141",1650,1.65,1.02531,329,5.48333333333333,0.0913888888888889,-77.5657778,38.5422321,-77.5640799,38.5282757,141,"A"
"142",125,0.125,0.077675,39,0.65,0.0108333333333333,-77.5640799,38.5282757,-77.5632931,38.527366,142,"A"
"143",58,0.058,0.0360412,24,0.4,0.00666666666666667,-77.5632931,38.527366,-77.5637319,38.5269752,143,"A"
"144",5331,5.331,3.3126834,1050,17.5,0.291666666666667,-77.5637319,38.5269752,-77.5599079,38.4829175,144,"A"
"145",11440,11.44,7.108816,2154,35.9,0.598333333333333,-77.5599079,38.4829175,-77.540363,38.3886119,145,"A"
"146",4296,4.296,2.6695344,723,12.05,0.200833333333333,-77.540363,38.3886119,-77.4998912,38.3711164,146,"A"
"147",1051,1.051,0.6530914,175,2.91666666666667,0.0486111111111111,-77.4998912,38.3711164,-77.496618,38.3628779,147,"A"
"148",1589,1.589,0.9874046,332,5.53333333333333,0.0922222222222222,-77.496618,38.3628779,-77.5071997,38.3522605,148,"A"
"149",1520,1.52,0.944528,195,3.25,0.0541666666666667,-77.5071997,38.3522605,-77.4951301,38.3424431,149,"A"
"150",2681,2.681,1.6659734,427,7.11666666666667,0.118611111111111,-77.4951301,38.3424431,-77.4727642,38.3264069,150,"A"
"151",340,0.34,0.211276,48,0.8,0.0133333333333333,-77.4727642,38.3264069,-77.4717943,38.3237213,151,"A"
"152",172,0.172,0.1068808,25,0.416666666666667,0.00694444444444444,-77.4717943,38.3237213,-77.4701303,38.3230416,152,"A"
"153",466,0.466,0.2895724,80,1.33333333333333,0.0222222222222222,-77.4701303,38.3230416,-77.4667722,38.3207558,153,"A"
"154",42,0.042,0.0260988,9,0.15,0.0025,-77.4667722,38.3207558,-77.4664074,38.3207446,154,"A"
"155",2019,2.019,1.2546066,423,7.05,0.1175,-77.4664074,38.3207446,-77.4548688,38.3055181,155,"A"
"156",363,0.363,0.2255682,126,2.1,0.035,-77.4548688,38.3055181,-77.4586026,38.3041055,156,"A"
"157",619,0.619,0.3846466,142,2.36666666666667,0.0394444444444444,-77.4586026,38.3041055,-77.4554296,38.2991302,157,"A"
"158",303,0.303,0.1882842,152,2.53333333333333,0.0422222222222222,-77.4554296,38.2991302,-77.4585838,38.2979874,158,"A"
"159",400,0.4,0.24856,136,2.26666666666667,0.0377777777777778,-77.4585838,38.2979874,-77.4565634,38.2947621,159,"A"
"160",8580,8.58,5.331612,1673,27.8833333333333,0.464722222222222,-77.4565634,38.2947621,-77.4055582,38.2316218,160,"A"
"161",67070,67.07,41.677298,13161,219.35,3.65583333333333,-77.4055582,38.2316218,-77.386521,37.658392,161,"A"
"162",5148,5.148,3.1989672,1014,16.9,0.281666666666667,-77.386521,37.658392,-77.369915,37.615161,162,"A"
"163",267,0.267,0.1659138,53,0.883333333333333,0.0147222222222222,-77.369915,37.615161,-77.369314,37.613104,163,"A"
"164",1006,1.006,0.6251284,267,4.45,0.0741666666666667,-77.369314,37.613104,-77.3711023,37.6044999,164,"A"
"165",7313,7.313,4.5442982,1403,23.3833333333333,0.389722222222222,-77.3711023,37.6044999,-77.4143991,37.5490323,165,"A"
"166",875,0.875,0.543725,124,2.06666666666667,0.0344444444444444,-77.4143991,37.5490323,-77.4241151,37.5483507,166,"A"
"167",1420,1.42,0.882388,281,4.68333333333333,0.0780555555555556,-77.4241151,37.5483507,-77.4260663,37.5360716,167,"A"
"168",121,0.121,0.0751894,70,1.16666666666667,0.0194444444444444,-77.4260663,37.5360716,-77.4268745,37.5351942,168,"A"
"169",81,0.081,0.0503334,10,0.166666666666667,0.00277777777777778,-77.4268745,37.5351942,-77.4276165,37.5355513,169,"A"
"170",100,0.1,0.06214,15,0.25,0.00416666666666667,-77.4276165,37.5355513,-77.4283167,37.534847,170,"A"
"171",62,0.062,0.0385268,11,0.183333333333333,0.00305555555555556,-77.4283167,37.534847,-77.4279335,37.5344638,171,"A"
"172",122,0.122,0.0758108,20,0.333333333333333,0.00555555555555556,-77.4279335,37.5344638,-77.4287668,37.5335898,172,"A"
"173",177,0.177,0.1099878,58,0.966666666666667,0.0161111111111111,-77.4287668,37.5335898,-77.4303664,37.5345491,173,"A"
"174",231,0.231,0.1435434,78,1.3,0.0216666666666667,-77.4303664,37.5345491,-77.4320157,37.5329295,174,"A"
"175",80,0.08,0.049712,41,0.683333333333333,0.0113888888888889,-77.4320157,37.5329295,-77.4327469,37.5333479,175,"A"
"176",715,0.715,0.444301,188,3.13333333333333,0.0522222222222222,-77.4327469,37.5333479,-77.4348675,37.5271438,176,"A"
"177",118,0.118,0.0733252,46,0.766666666666667,0.0127777777777778,-77.4348675,37.5271438,-77.4356348,37.5263215,177,"A"
"178",120,0.12,0.074568,62,1.03333333333333,0.0172222222222222,-77.4356348,37.5263215,-77.434789,37.5254779,178,"A"
"179",412,0.412,0.2560168,79,1.31666666666667,0.0219444444444444,-77.434789,37.5254779,-77.4384073,37.5231408,179,"A"
"180",700,0.7,0.43498,109,1.81666666666667,0.0302777777777778,-77.4384073,37.5231408,-77.4334704,37.5182114,180,"A"
"181",939,0.939,0.5834946,216,3.6,0.06,-77.4334704,37.5182114,-77.4416034,37.5128022,181,"A"
"182",550,0.55,0.34177,96,1.6,0.0266666666666667,-77.4416034,37.5128022,-77.4377052,37.5089471,182,"A"
"183",684,0.684,0.4250376,154,2.56666666666667,0.0427777777777778,-77.4377052,37.5089471,-77.4437885,37.5051277,183,"A"
"184",113,0.113,0.0702182,21,0.35,0.00583333333333333,-77.4437885,37.5051277,-77.442982,37.5043431,184,"A"
"185",154,0.154,0.0956956,28,0.466666666666667,0.00777777777777778,-77.442982,37.5043431,-77.4442709,37.503439,185,"A"
"186",107,0.107,0.0664898,19,0.316666666666667,0.00527777777777778,-77.4442709,37.503439,-77.4454837,37.5033501,186,"A"
"187",812,0.812,0.5045768,131,2.18333333333333,0.0363888888888889,-77.4454837,37.5033501,-77.4447711,37.4960659,187,"A"
"188",61,0.061,0.0379054,7,0.116666666666667,0.00194444444444444,-77.4447711,37.4960659,-77.4440863,37.4961022,188,"A"
"189",317,0.317,0.1969838,46,0.766666666666667,0.0127777777777778,-77.4440863,37.4961022,-77.4437975,37.4932616,189,"A"
"190",171,0.171,0.1062594,32,0.533333333333333,0.00888888888888889,-77.4437975,37.4932616,-77.4418603,37.4933455,190,"A"
"191",1363,1.363,0.8469682,242,4.03333333333333,0.0672222222222222,-77.4418603,37.4933455,-77.4409324,37.4811129,191,"A"
"192",215,0.215,0.133601,59,0.983333333333333,0.0163888888888889,-77.4409324,37.4811129,-77.4433693,37.4810567,192,"A"
"193",184,0.184,0.1143376,27,0.45,0.0075,-77.4433693,37.4810567,-77.4432198,37.4794072,193,"A"
"194",91,0.091,0.0565474,49,0.816666666666667,0.0136111111111111,-77.4432198,37.4794072,-77.4442476,37.479369,194,"A"
"195",2142,2.142,1.3310388,426,7.1,0.118333333333333,-77.4442476,37.479369,-77.4463579,37.4607697,195,"A"
"196",335,0.335,0.208169,106,1.76666666666667,0.0294444444444444,-77.4463579,37.4607697,-77.4425754,37.4609801,196,"A"
"197",26189,26.189,16.2738446,5156,85.9333333333333,1.43222222222222,-77.4425754,37.4609801,-77.4027066,37.2319705,197,"A"
"198",407,0.407,0.2529098,103,1.71666666666667,0.0286111111111111,-77.4027066,37.2319705,-77.40724,37.2314889,198,"A"
"199",882,0.882,0.5480748,300,5,0.0833333333333333,-77.40724,37.2314889,-77.4056881,37.2236962,199,"A"
"200",2772,2.772,1.7225208,563,9.38333333333333,0.156388888888889,-77.4056881,37.2236962,-77.422254,37.20366,200,"A"
"201",437,0.437,0.2715518,74,1.23333333333333,0.0205555555555556,-77.422254,37.20366,-77.4261001,37.2012686,201,"A"
"202",719,0.719,0.4467866,215,3.58333333333333,0.0597222222222222,-77.4261001,37.2012686,-77.426389,37.195116,202,"A"
"203",5247,5.247,3.2604858,966,16.1,0.268333333333333,-77.426389,37.195116,-77.4513978,37.156985,203,"A"
"204",2596,2.596,1.6131544,489,8.15,0.135833333333333,-77.4513978,37.156985,-77.4797679,37.153652,204,"A"
"205",20,0.02,0.012428,4,0.0666666666666667,0.00111111111111111,-77.4797679,37.153652,-77.479743,37.153469,205,"A"
"206",210,0.21,0.130494,40,0.666666666666667,0.0111111111111111,-77.479743,37.153469,-77.4820105,37.1529203,206,"A"
"207",28029,28.029,17.4172206,5216,86.9333333333333,1.44888888888889,-77.4820105,37.1529203,-77.7090389,36.995714,207,"A"
"208",343,0.343,0.2131402,78,1.3,0.0216666666666667,-77.7090389,36.995714,-77.707343,36.9930389,208,"A"
"209",601,0.601,0.3734614,95,1.58333333333333,0.0263888888888889,-77.707343,36.9930389,-77.712913,36.989975,209,"A"
"210",1199,1.199,0.7450586,227,3.78333333333333,0.0630555555555556,-77.712913,36.989975,-77.7214619,36.9887313,210,"A"
"211",266,0.266,0.1652924,48,0.8,0.0133333333333333,-77.7214619,36.9887313,-77.7236905,36.9872071,211,"A"
"212",45,0.045,0.027963,34,0.566666666666667,0.00944444444444444,-77.7236905,36.9872071,-77.7238469,36.9875959,212,"A"
"213",14449,14.449,8.9786086,2678,44.6333333333333,0.743888888888889,-77.7238469,36.9875959,-77.8259744,36.8959229,213,"A"
"214",396,0.396,0.2460744,126,2.1,0.035,-77.8259744,36.8959229,-77.8301355,36.897112,214,"A"
"215",479,0.479,0.2976506,88,1.46666666666667,0.0244444444444444,-77.8301355,36.897112,-77.8288903,36.8929867,215,"A"
"216",25758,25.758,16.0060212,4618,76.9666666666667,1.28277777777778,-77.8288903,36.8929867,-78.0362789,36.7575374,216,"A"
"217",160,0.16,0.099424,28,0.466666666666667,0.00777777777777778,-78.0362789,36.7575374,-78.0368759,36.756476,217,"A"
"218",3313,3.313,2.0586982,659,10.9833333333333,0.183055555555556,-78.0368759,36.756476,-78.0646205,36.7377965,218,"A"
"219",3859,3.859,2.3979826,757,12.6166666666667,0.210277777777778,-78.0646205,36.7377965,-78.0889012,36.7095042,219,"A"
"220",1472,1.472,0.9147008,272,4.53333333333333,0.0755555555555556,-78.0889012,36.7095042,-78.0931939,36.696814,220,"A"
"221",1375,1.375,0.854425,288,4.8,0.08,-78.0931939,36.696814,-78.1049655,36.7041439,221,"A"
"222",4325,4.325,2.687555,916,15.2666666666667,0.254444444444444,-78.1049655,36.7041439,-78.1468963,36.6967211,222,"A"
"223",202,0.202,0.1255228,34,0.566666666666667,0.00944444444444444,-78.1468963,36.6967211,-78.1490217,36.697013,223,"A"
"224",9876,9.876,6.1369464,1682,28.0333333333333,0.467222222222222,-78.1490217,36.697013,-78.1919834,36.6271393,224,"A"
"225",47,0.047,0.0292058,33,0.55,0.00916666666666667,-78.1919834,36.6271393,-78.1921243,36.6267282,225,"A"
"226",2477,2.477,1.5392078,409,6.81666666666667,0.113611111111111,-78.1921243,36.6267282,-78.2136509,36.6176377,226,"A"
"227",2911,2.911,1.8088954,659,10.9833333333333,0.183055555555556,-78.2136509,36.6176377,-78.2063844,36.5922689,227,"A"
"228",5165,5.165,3.209531,941,15.6833333333333,0.261388888888889,-78.2063844,36.5922689,-78.2391381,36.5606374,228,"A"
"229",2402,2.402,1.4926028,426,7.1,0.118333333333333,-78.2391381,36.5606374,-78.2588103,36.5484801,229,"A"
"230",592,0.592,0.3678688,86,1.43333333333333,0.0238888888888889,-78.2588103,36.5484801,-78.2637051,36.544985,230,"A"
"231",93,0.093,0.0577902,91,1.51666666666667,0.0252777777777778,-78.2637051,36.544985,-78.2643289,36.544314,231,"A"
"232",11447,11.447,7.1131658,2051,34.1833333333333,0.569722222222222,-78.2643289,36.544314,-78.3094696,36.45936,232,"A"
"233",5915,5.915,3.675581,1141,19.0166666666667,0.316944444444444,-78.3094696,36.45936,-78.3289885,36.4116771,233,"A"
"234",1790,1.79,1.112306,361,6.01666666666667,0.100277777777778,-78.3289885,36.4116771,-78.3473554,36.4169121,234,"A"
"235",247,0.247,0.1534858,40,0.666666666666667,0.0111111111111111,-78.3473554,36.4169121,-78.3475152,36.4190645,235,"A"
"236",2168,2.168,1.3471952,438,7.3,0.121666666666667,-78.3475152,36.4190645,-78.3686473,36.4119161,236,"A"
"237",604,0.604,0.3753256,110,1.83333333333333,0.0305555555555556,-78.3686473,36.4119161,-78.369162,36.406578,237,"A"
"238",13147,13.147,8.1695458,2543,42.3833333333333,0.706388888888889,-78.369162,36.406578,-78.483557,36.3574135,238,"A"
"239",9472,9.472,5.8859008,1667,27.7833333333333,0.463055555555556,-78.483557,36.3574135,-78.5474912,36.3154127,239,"A"
"240",647,0.647,0.4020458,318,5.3,0.0883333333333333,-78.5474912,36.3154127,-78.5404855,36.3140701,240,"A"
"241",7245,7.245,4.502043,1283,21.3833333333333,0.356388888888889,-78.5404855,36.3140701,-78.5527622,36.2527384,241,"A"
"242",10371,10.371,6.4445394,1908,31.8,0.53,-78.5527622,36.2527384,-78.5781361,36.1712029,242,"A"
"243",6682,6.682,4.1521948,1257,20.95,0.349166666666667,-78.5781361,36.1712029,-78.574956,36.1150815,243,"A"
"244",10819,10.819,6.7229266,1937,32.2833333333333,0.538055555555556,-78.574956,36.1150815,-78.6829712,36.1150595,244,"A"
"245",627,0.627,0.3896178,166,2.76666666666667,0.0461111111111111,-78.6829712,36.1150595,-78.689382,36.1171366,245,"A"
"246",1043,1.043,0.6481202,147,2.45,0.0408333333333333,-78.689382,36.1171366,-78.6970119,36.110993,246,"A"
"247",4858,4.858,3.0187612,976,16.2666666666667,0.271111111111111,-78.6970119,36.110993,-78.7333664,36.0819298,247,"A"
"248",1299,1.299,0.8071986,235,3.91666666666667,0.0652777777777778,-78.7333664,36.0819298,-78.7371356,36.0708122,248,"A"
"249",2682,2.682,1.6665948,506,8.43333333333333,0.140555555555556,-78.7371356,36.0708122,-78.7481226,36.0511624,249,"A"
"250",161,0.161,0.1000454,25,0.416666666666667,0.00694444444444444,-78.7481226,36.0511624,-78.7495065,36.0502535,250,"A"
"251",10640,10.64,6.611696,2037,33.95,0.565833333333333,-78.7495065,36.0502535,-78.8418148,36.0061393,251,"A"
"252",2344,2.344,1.4565616,420,7,0.116666666666667,-78.8418148,36.0061393,-78.8578919,35.9901864,252,"A"
"253",3034,3.034,1.8853276,734,12.2333333333333,0.203888888888889,-78.8578919,35.9901864,-78.8908722,35.9945454,253,"A"
"254",514,0.514,0.3193996,130,2.16666666666667,0.0361111111111111,-78.8908722,35.9945454,-78.8923212,35.9902039,254,"A"
"255",3413,3.413,2.1208382,683,11.3833333333333,0.189722222222222,-78.8923212,35.9902039,-78.9070499,35.9639812,255,"A"
"256",3034,3.034,1.8853276,685,11.4166666666667,0.190277777777778,-78.9070499,35.9639812,-78.9067907,35.9395636,256,"A"
"257",13,0.013,0.0080782,3,0.05,0.000833333333333333,-78.9067907,35.9395636,-78.9068366,35.9394524,257,"A"
"258",509,0.509,0.3162926,121,2.01666666666667,0.0336111111111111,-78.9068366,35.9394524,-78.9086631,35.9354948,258,"A"
"259",3632,3.632,2.2569248,728,12.1333333333333,0.202222222222222,-78.9086631,35.9354948,-78.934486,35.913384,259,"A"
"260",37,0.037,0.0229918,10,0.166666666666667,0.00277777777777778,-78.934486,35.913384,-78.9348811,35.913416,260,"A"
"261",396,0.396,0.2460744,96,1.6,0.0266666666666667,-78.9348811,35.913416,-78.938165,35.9122356,261,"A"
"262",170,0.17,0.105638,39,0.65,0.0108333333333333,-78.938165,35.9122356,-78.9392865,35.9111701,262,"A"
"263",114,0.114,0.0708396,44,0.733333333333333,0.0122222222222222,-78.9392865,35.9111701,-78.9405116,35.9111447,263,"A"
"264",194,0.194,0.1205516,124,2.06666666666667,0.0344444444444444,-78.9405116,35.9111447,-78.94169,35.909934,264,"A"
"265",1341,1.341,0.8332974,299,4.98333333333333,0.0830555555555555,-78.94169,35.909934,-78.9503819,35.9032179,265,"A"
"266",278,0.278,0.1727492,40,0.666666666666667,0.0111111111111111,-78.9503819,35.9032179,-78.9503998,35.9009179,266,"A"
"267",687,0.687,0.4269018,155,2.58333333333333,0.0430555555555556,-78.9503998,35.9009179,-78.9518265,35.8952087,267,"A"
"268",163,0.163,0.1012882,35,0.583333333333333,0.00972222222222222,-78.9518265,35.8952087,-78.9534809,35.8946303,268,"A"
"269",13484,13.484,8.3789576,2756,45.9333333333333,0.765555555555556,-78.9534809,35.8946303,-78.9225103,35.7843542,269,"A"
"270",2649,2.649,1.6460886,425,7.08333333333333,0.118055555555556,-78.9225103,35.7843542,-78.9213026,35.7609967,270,"A"
"271",5573,5.573,3.4630622,1232,20.5333333333333,0.342222222222222,-78.9213026,35.7609967,-78.9411768,35.7163105,271,"A"
"272",634,0.634,0.3939676,138,2.3,0.0383333333333333,-78.9411768,35.7163105,-78.9469999,35.7143058,272,"A"
"273",4104,4.104,2.5502256,919,15.3166666666667,0.255277777777778,-78.9469999,35.7143058,-78.935629,35.6809725,273,"A"
"274",17447,17.447,10.8415658,3337,55.6166666666667,0.926944444444444,-78.935629,35.6809725,-79.0941559,35.6166033,274,"A"
"275",18862,18.862,11.7208468,3783,63.05,1.05083333333333,-79.0941559,35.6166033,-79.1604872,35.485014,275,"A"
"276",4238,4.238,2.6334932,915,15.25,0.254166666666667,-79.1604872,35.485014,-79.1919108,35.462624,276,"A"
"277",3107,3.107,1.9306898,765,12.75,0.2125,-79.1919108,35.462624,-79.2152139,35.4438091,277,"A"
"278",2763,2.763,1.7169282,554,9.23333333333333,0.153888888888889,-79.2152139,35.4438091,-79.2270072,35.4209707,278,"A"
"279",6548,6.548,4.0689272,1390,23.1666666666667,0.386111111111111,-79.2270072,35.4209707,-79.28713,35.3942139,279,"A"
"280",1556,1.556,0.9668984,279,4.65,0.0775,-79.28713,35.3942139,-79.280424,35.3814418,280,"A"
"281",4265,4.265,2.650271,835,13.9166666666667,0.231944444444444,-79.280424,35.3814418,-79.3208033,35.3620923,281,"A"
"282",3774,3.774,2.3451636,702,11.7,0.195,-79.3208033,35.3620923,-79.3296757,35.3299814,282,"A"
"283",2314,2.314,1.4379196,468,7.8,0.13,-79.3296757,35.3299814,-79.3497058,35.3180541,283,"A"
"284",250,0.25,0.15535,67,1.11666666666667,0.0186111111111111,-79.3497058,35.3180541,-79.3479284,35.3163407,284,"A"
"285",2981,2.981,1.8523934,618,10.3,0.171666666666667,-79.3479284,35.3163407,-79.3618507,35.2945348,285,"A"
"286",2109,2.109,1.3105326,344,5.73333333333333,0.0955555555555556,-79.3618507,35.2945348,-79.3624398,35.2786205,286,"A"
"287",9197,9.197,5.7150158,1939,32.3166666666667,0.538611111111111,-79.3624398,35.2786205,-79.354618,35.2054959,287,"A"
"288",5448,5.448,3.3853872,1090,18.1666666666667,0.302777777777778,-79.354618,35.2054959,-79.3937555,35.1692206,288,"A"
"289",6760,6.76,4.200664,1256,20.9333333333333,0.348888888888889,-79.3937555,35.1692206,-79.3889927,35.1167135,289,"A"
"290",113,0.113,0.0702182,94,1.56666666666667,0.0261111111111111,-79.3889927,35.1167135,-79.3882242,35.1159103,290,"A"
"291",1838,1.838,1.1421332,273,4.55,0.0758333333333333,-79.3882242,35.1159103,-79.3979977,35.1015666,291,"A"
"292",10210,10.21,6.344494,1821,30.35,0.505833333333333,-79.3979977,35.1015666,-79.360822,35.0167526,292,"A"
"293",4645,4.645,2.886403,787,13.1166666666667,0.218611111111111,-79.360822,35.0167526,-79.3713364,34.977784,293,"A"
"294",12602,12.602,7.8308828,2179,36.3166666666667,0.605277777777778,-79.3713364,34.977784,-79.449573,34.886477,294,"A"
"295",176,0.176,0.1093664,24,0.4,0.00666666666666667,-79.449573,34.886477,-79.4514797,34.8867115,295,"A"
"296",663,0.663,0.4119882,182,3.03333333333333,0.0505555555555556,-79.4514797,34.8867115,-79.4525736,34.8808209,296,"A"
"297",11181,11.181,6.9478734,2043,34.05,0.5675,-79.4525736,34.8808209,-79.488458,34.810258,297,"A"
"298",2916,2.916,1.8120024,537,8.95,0.149166666666667,-79.488458,34.810258,-79.5120111,34.7930109,298,"A"
"299",19,0.019,0.0118066,92,1.53333333333333,0.0255555555555556,-79.5120111,34.7930109,-79.5118472,34.7929041,299,"A"
"300",1875,1.875,1.165125,286,4.76666666666667,0.0794444444444444,-79.5118472,34.7929041,-79.5273446,34.7821283,300,"A"
"301",1991,1.991,1.2372074,391,6.51666666666667,0.108611111111111,-79.5273446,34.7821283,-79.5425138,34.7732149,301,"A"
"302",6563,6.563,4.0782482,1211,20.1833333333333,0.336388888888889,-79.5425138,34.7732149,-79.57346,34.7215209,302,"A"
"303",2143,2.143,1.3316602,357,5.95,0.0991666666666667,-79.57346,34.7215209,-79.5864231,34.7062879,303,"A"
"304",1098,1.098,0.6822972,227,3.78333333333333,0.0630555555555556,-79.5864231,34.7062879,-79.585906,34.696512,304,"A"
"305",8723,8.723,5.4204722,1498,24.9666666666667,0.416111111111111,-79.585906,34.696512,-79.6615713,34.6511588,305,"A"
"306",32,0.032,0.0198848,80,1.33333333333333,0.0222222222222222,-79.6615713,34.6511588,-79.66172,34.6508998,306,"A"
"307",2145,2.145,1.332903,351,5.85,0.0975,-79.66172,34.6508998,-79.6711719,34.6340892,307,"A"
"308",1713,1.713,1.0644582,316,5.26666666666667,0.0877777777777778,-79.6711719,34.6340892,-79.6765801,34.6199656,308,"A"
"309",3827,3.827,2.3780978,657,10.95,0.1825,-79.6765801,34.6199656,-79.7146288,34.6067506,309,"A"
"310",19737,19.737,12.2645718,3716,61.9333333333333,1.03222222222222,-79.7146288,34.6067506,-79.8725316,34.4898301,310,"A"
"311",4695,4.695,2.917473,885,14.75,0.245833333333333,-79.8725316,34.4898301,-79.90783,34.4592761,311,"A"
"312",6774,6.774,4.2093636,1187,19.7833333333333,0.329722222222222,-79.90783,34.4592761,-79.9409847,34.405785,312,"A"
"313",4151,4.151,2.5794314,766,12.7666666666667,0.212777777777778,-79.9409847,34.405785,-79.9683652,34.3798182,313,"A"
"314",893,0.893,0.5549102,158,2.63333333333333,0.0438888888888889,-79.9683652,34.3798182,-79.975961,34.3754682,314,"A"
"315",18943,18.943,11.7711802,3437,57.2833333333333,0.954722222222222,-79.975961,34.3754682,-79.970111,34.2151345,315,"A"
"316",5424,5.424,3.3704736,979,16.3166666666667,0.271944444444444,-79.970111,34.2151345,-79.9655248,34.1690943,316,"A"
"317",786,0.786,0.4884204,212,3.53333333333333,0.0588888888888889,-79.9655248,34.1690943,-79.9591799,34.1643664,317,"A"
"318",397,0.397,0.2466958,72,1.2,0.02,-79.9591799,34.1643664,-79.9611061,34.1613247,318,"A"
"319",5590,5.59,3.473626,962,16.0333333333333,0.267222222222222,-79.9611061,34.1613247,-80.0006454,34.128125,319,"A"
"320",202,0.202,0.1255228,36,0.6,0.01,-80.0006454,34.128125,-80.0025664,34.1272449,320,"A"
"321",3409,3.409,2.1183526,591,9.85,0.164166666666667,-80.0025664,34.1272449,-80.0345517,34.1123168,321,"A"
"322",447,0.447,0.2777658,97,1.61666666666667,0.0269444444444444,-80.0345517,34.1123168,-80.033275,34.1084405,322,"A"
"323",2609,2.609,1.6212326,459,7.65,0.1275,-80.033275,34.1084405,-80.0264599,34.0859961,323,"A"
"324",3112,3.112,1.9337968,549,9.15,0.1525,-80.0264599,34.0859961,-80.0550808,34.0712768,324,"A"
"325",1210,1.21,0.751894,250,4.16666666666667,0.0694444444444444,-80.0550808,34.0712768,-80.045265,34.064048,325,"A"
"326",1988,1.988,1.2353432,358,5.96666666666667,0.0994444444444444,-80.045265,34.064048,-80.062304,34.0534489,326,"A"
"327",10951,10.951,6.8049514,1988,33.1333333333333,0.552222222222222,-80.062304,34.0534489,-80.1486607,33.9897829,327,"A"
"328",4212,4.212,2.6173368,733,12.2166666666667,0.203611111111111,-80.1486607,33.9897829,-80.1675978,33.9553184,328,"A"
"329",291,0.291,0.1808274,123,2.05,0.0341666666666667,-80.1675978,33.9553184,-80.1669008,33.9527691,329,"A"
"330",8224,8.224,5.1103936,1506,25.1,0.418333333333333,-80.1669008,33.9527691,-80.2167777,33.8983549,330,"A"
"331",8740,8.74,5.431036,1632,27.2,0.453333333333333,-80.2167777,33.8983549,-80.2424566,33.8252477,331,"A"
"332",3593,3.593,2.2326902,617,10.2833333333333,0.171388888888889,-80.2424566,33.8252477,-80.2720796,33.8050182,332,"A"
"333",1052,1.052,0.6537128,208,3.46666666666667,0.0577777777777778,-80.2720796,33.8050182,-80.2800384,33.811754,333,"A"
"334",3230,3.23,2.007122,621,10.35,0.1725,-80.2800384,33.811754,-80.3046149,33.7911863,334,"A"
"335",262,0.262,0.1628068,56,0.933333333333333,0.0155555555555556,-80.3046149,33.7911863,-80.3062888,33.7930871,335,"A"
"336",342,0.342,0.2125188,81,1.35,0.0225,-80.3062888,33.7930871,-80.3093092,33.7913172,336,"A"
"337",4786,4.786,2.9740204,875,14.5833333333333,0.243055555555556,-80.3093092,33.7913172,-80.3543689,33.7796588,337,"A"
"338",11754,11.754,7.3039356,2117,35.2833333333333,0.588055555555556,-80.3543689,33.7796588,-80.3576775,33.6772972,338,"A"
"339",6441,6.441,4.0024374,1117,18.6166666666667,0.310277777777778,-80.3576775,33.6772972,-80.3790313,33.6272064,339,"A"
"340",2190,2.19,1.360866,367,6.11666666666667,0.101944444444444,-80.3790313,33.6272064,-80.3820013,33.6085416,340,"A"
"341",3646,3.646,2.2656244,620,10.3333333333333,0.172222222222222,-80.3820013,33.6085416,-80.394903,33.5784066,341,"A"
"342",6399,6.399,3.9763386,1119,18.65,0.310833333333333,-80.394903,33.5784066,-80.4218278,33.5376294,342,"A"
"343",1452,1.452,0.9022728,284,4.73333333333333,0.0788888888888889,-80.4218278,33.5376294,-80.4295253,33.5262589,343,"A"
"344",977,0.977,0.6071078,172,2.86666666666667,0.0477777777777778,-80.4295253,33.5262589,-80.4355583,33.5191496,344,"A"
"345",6846,6.846,4.2541044,1275,21.25,0.354166666666667,-80.4355583,33.5191496,-80.4862619,33.4748889,345,"A"
"346",6476,6.476,4.0241864,1230,20.5,0.341666666666667,-80.4862619,33.4748889,-80.4999428,33.4229235,346,"A"
"347",531,0.531,0.3299634,117,1.95,0.0325,-80.4999428,33.4229235,-80.5042783,33.4198069,347,"A"
"348",64207,64.207,39.8982298,11531,192.183333333333,3.20305555555556,-80.5042783,33.4198069,-80.6674028,32.9083948,348,"A"
"349",2853,2.853,1.7728542,506,8.43333333333333,0.140555555555556,-80.6674028,32.9083948,-80.6846536,32.8906001,349,"A"
"350",646,0.646,0.4014244,151,2.51666666666667,0.0419444444444444,-80.6846536,32.8906001,-80.6907847,32.8879201,350,"A"
"351",36305,36.305,22.559927,6413,106.883333333333,1.78138888888889,-80.6907847,32.8879201,-80.8528405,32.6419636,351,"A"
"352",2398,2.398,1.4901172,415,6.91666666666667,0.115277777777778,-80.8528405,32.6419636,-80.8756768,32.6326161,352,"A"
"353",50,0.05,0.03107,65,1.08333333333333,0.0180555555555556,-80.8756768,32.6326161,-80.875419,32.632221,353,"A"
"354",5758,5.758,3.5780212,1002,16.7,0.278333333333333,-80.875419,32.632221,-80.9120062,32.5926027,354,"A"
"355",873,0.873,0.5424822,165,2.75,0.0458333333333333,-80.9120062,32.5926027,-80.911878,32.595951,355,"A"
"356",12823,12.823,7.9682122,2301,38.35,0.639166666666667,-80.911878,32.595951,-80.9742062,32.4971057,356,"A"
"357",1921,1.921,1.1937094,375,6.25,0.104166666666667,-80.9742062,32.4971057,-80.9803607,32.4806628,357,"A"
"358",12539,12.539,7.7917346,2202,36.7,0.611666666666667,-80.9803607,32.4806628,-81.1073313,32.463483,358,"A"
"359",17775,17.775,11.045385,3130,52.1666666666667,0.869444444444444,-81.1073313,32.463483,-81.2613705,32.5425631,359,"A"
"360",21536,21.536,13.3824704,3884,64.7333333333333,1.07888888888889,-81.2613705,32.5425631,-81.3131513,32.3706582,360,"A"
"361",18646,18.646,11.5866244,3418,56.9666666666667,0.949444444444444,-81.3131513,32.3706582,-81.4775352,32.2836427,361,"A"
"362",22940,22.94,14.254916,4106,68.4333333333333,1.14055555555556,-81.4775352,32.2836427,-81.7091343,32.2951066,362,"A"
"363",1803,1.803,1.1203842,379,6.31666666666667,0.105277777777778,-81.7091343,32.2951066,-81.723954,32.2848179,363,"A"
"364",4106,4.106,2.5514684,783,13.05,0.2175,-81.723954,32.2848179,-81.7608937,32.2652683,364,"A"
"365",4285,4.285,2.662699,761,12.6833333333333,0.211388888888889,-81.7608937,32.2652683,-81.7704887,32.2291135,365,"A"
"366",404,0.404,0.2510456,60,1,0.0166666666666667,-81.7704887,32.2291135,-81.7725899,32.2260064,366,"A"
"367",433,0.433,0.2690662,92,1.53333333333333,0.0255555555555556,-81.7725899,32.2260064,-81.7766988,32.224352,367,"A"
"368",3158,3.158,1.9623812,500,8.33333333333333,0.138888888888889,-81.7766988,32.224352,-81.8055794,32.2168474,368,"A"
"369",630,0.63,0.391482,136,2.26666666666667,0.0377777777777778,-81.8055794,32.2168474,-81.8112802,32.218146,369,"A"
"370",6442,6.442,4.0030588,1236,20.6,0.343333333333333,-81.8112802,32.218146,-81.87788,32.2111813,370,"A"
"371",5913,5.913,3.6743382,1079,17.9833333333333,0.299722222222222,-81.87788,32.2111813,-81.9039331,32.1652982,371,"A"
"372",469,0.469,0.2914366,119,1.98333333333333,0.0330555555555556,-81.9039331,32.1652982,-81.9089125,32.1652706,372,"A"
"373",452,0.452,0.2808728,89,1.48333333333333,0.0247222222222222,-81.9089125,32.1652706,-81.9091602,32.1612115,373,"A"
"374",23868,23.868,14.8315752,4217,70.2833333333333,1.17138888888889,-81.9091602,32.1612115,-82.1329905,32.0812101,374,"A"
"375",149,0.149,0.0925886,84,1.4,0.0233333333333333,-82.1329905,32.0812101,-82.1337318,32.0800405,375,"A"
"376",35,0.035,0.021749,6,0.1,0.00166666666666667,-82.1337318,32.0800405,-82.1340172,32.0798413,376,"A"
"377",30070,30.07,18.685498,5715,95.25,1.5875,-82.1340172,32.0798413,-82.4276589,32.014457,377,"A"
"378",3240,3.24,2.013336,721,12.0166666666667,0.200277777777778,-82.4276589,32.014457,-82.4484868,31.9958684,378,"A"
"379",1708,1.708,1.0613512,322,5.36666666666667,0.0894444444444444,-82.4484868,31.9958684,-82.4600959,31.9846192,379,"A"
"380",5038,5.038,3.1306132,984,16.4,0.273333333333333,-82.4600959,31.9846192,-82.5126073,31.988256,380,"A"
"381",14986,14.986,9.3123004,2783,46.3833333333333,0.773055555555556,-82.5126073,31.988256,-82.589794,31.8818499,381,"A"
"382",1803,1.803,1.1203842,366,6.1,0.101666666666667,-82.589794,31.8818499,-82.599892,31.8694618,382,"A"
"383",25,0.025,0.015535,5,0.0833333333333333,0.00138888888888889,-82.599892,31.8694618,-82.6001013,31.8693234,383,"A"
"384",978,0.978,0.6077292,203,3.38333333333333,0.0563888888888889,-82.6001013,31.8693234,-82.6092133,31.8662686,384,"A"
"385",380,0.38,0.236132,63,1.05,0.0175,-82.6092133,31.8662686,-82.6091828,31.8628486,385,"A"
"386",1190,1.19,0.739466,212,3.53333333333333,0.0588888888888889,-82.6091828,31.8628486,-82.6203106,31.8585831,386,"A"
"387",148,0.148,0.0919672,26,0.433333333333333,0.00722222222222222,-82.6203106,31.8585831,-82.6208186,31.857321,387,"A"
"388",37007,37.007,22.9961498,6573,109.55,1.82583333333333,-82.6208186,31.857321,-82.8851767,31.6288214,388,"A"
"389",402,0.402,0.2498028,74,1.23333333333333,0.0205555555555556,-82.8851767,31.6288214,-82.8891037,31.63017,389,"A"
"390",405,0.405,0.251667,67,1.11666666666667,0.0186111111111111,-82.8891037,31.63017,-82.8906415,31.6267716,390,"A"
"391",181,0.181,0.1124734,58,0.966666666666667,0.0161111111111111,-82.8906415,31.6267716,-82.8923506,31.6274934,391,"A"
"392",337,0.337,0.2094118,60,1,0.0166666666666667,-82.8923506,31.6274934,-82.8956636,31.6283726,392,"A"
"393",12506,12.506,7.7712284,2342,39.0333333333333,0.650555555555556,-82.8956636,31.6283726,-83.0153623,31.5926613,393,"A"
"394",985,0.985,0.612079,175,2.91666666666667,0.0486111111111111,-83.0153623,31.5926613,-83.0256174,31.5940522,394,"A"
"395",3189,3.189,1.9816446,566,9.43333333333333,0.157222222222222,-83.0256174,31.5940522,-83.0562324,31.5848114,395,"A"
"396",697,0.697,0.4331158,143,2.38333333333333,0.0397222222222222,-83.0562324,31.5848114,-83.0553319,31.5786376,396,"A"
"397",61,0.061,0.0379054,24,0.4,0.00666666666666667,-83.0553319,31.5786376,-83.0559407,31.5788062,397,"A"
"398",2162,2.162,1.3434668,411,6.85,0.114166666666667,-83.0559407,31.5788062,-83.0623921,31.5603188,398,"A"
"399",3338,3.338,2.0742332,599,9.98333333333333,0.166388888888889,-83.0623921,31.5603188,-83.0975926,31.561321,399,"A"
"400",939,0.939,0.5834946,165,2.75,0.0458333333333333,-83.0975926,31.561321,-83.0992231,31.5531369,400,"A"
"401",11023,11.023,6.8496922,1974,32.9,0.548333333333333,-83.0992231,31.5531369,-83.2119041,31.5612808,401,"A"
"402",814,0.814,0.5058196,210,3.5,0.0583333333333333,-83.2119041,31.5612808,-83.2106521,31.554235,402,"A"
"403",4992,4.992,3.1020288,885,14.75,0.245833333333333,-83.2106521,31.554235,-83.2523104,31.5394136,403,"A"
"404",7,0.007,0.0043498,28,0.466666666666667,0.00777777777777778,-83.2523104,31.5394136,-83.2523554,31.5394658,404,"A"
"405",5172,5.172,3.2138808,945,15.75,0.2625,-83.2523554,31.5394658,-83.30048,31.5231813,405,"A"
"406",7210,7.21,4.480294,1292,21.5333333333333,0.358888888888889,-83.30048,31.5231813,-83.345591,31.474548,406,"A"
"407",1440,1.44,0.894816,282,4.7,0.0783333333333333,-83.345591,31.474548,-83.358058,31.4692801,407,"A"
"408",6761,6.761,4.2012854,1222,20.3666666666667,0.339444444444444,-83.358058,31.4692801,-83.3845754,31.4184808,408,"A"
"409",234,0.234,0.1454076,78,1.3,0.0216666666666667,-83.3845754,31.4184808,-83.3846497,31.4163771,409,"A"
"410",604,0.604,0.3753256,110,1.83333333333333,0.0305555555555556,-83.3846497,31.4163771,-83.3907851,31.4178318,410,"A"
"411",5854,5.854,3.6376756,992,16.5333333333333,0.275555555555556,-83.3907851,31.4178318,-83.4077002,31.3687852,411,"A"
"412",319,0.319,0.1982266,69,1.15,0.0191666666666667,-83.4077002,31.3687852,-83.4080413,31.3659414,412,"A"
"413",8529,8.529,5.2999206,1495,24.9166666666667,0.415277777777778,-83.4080413,31.3659414,-83.4184627,31.2955296,413,"A"
"414",3303,3.303,2.0524842,606,10.1,0.168333333333333,-83.4184627,31.2955296,-83.4420591,31.2743248,414,"A"
"415",1332,1.332,0.8277048,251,4.18333333333333,0.0697222222222222,-83.4420591,31.2743248,-83.4557344,31.2735099,415,"A"
"416",920,0.92,0.571688,183,3.05,0.0508333333333333,-83.4557344,31.2735099,-83.4651912,31.2717285,416,"A"
"417",862,0.862,0.5356468,191,3.18333333333333,0.0530555555555556,-83.4651912,31.2717285,-83.4632746,31.2641538,417,"A"
"418",270,0.27,0.167778,59,0.983333333333333,0.0163888888888889,-76.6209634,39.289946,-76.6208115,39.2875231,1,"B"
"419",239,0.239,0.1485146,112,1.86666666666667,0.0311111111111111,-76.6208115,39.2875231,-76.6235888,39.2874169,2,"B"
"420",268,0.268,0.1665352,97,1.61666666666667,0.0269444444444444,-76.6235888,39.2874169,-76.6234766,39.2850073,3,"B"
"421",1522,1.522,0.9457708,344,5.73333333333333,0.0955555555555556,-76.6234766,39.2850073,-76.6380745,39.2785363,4,"B"
"422",28,0.028,0.0173992,5,0.0833333333333333,0.00138888888888889,-76.6380745,39.2785363,-76.6383344,39.2786739,5,"B"
"423",1007,1.007,0.6257498,204,3.4,0.0566666666666667,-76.6383344,39.2786739,-76.6463405,39.2721956,6,"B"
"424",11,0.011,0.0068354,1,0.0166666666666667,0.000277777777777778,-76.6463405,39.2721956,-76.6462431,39.2721285,7,"B"
"425",285,0.285,0.177099,90,1.5,0.025,-76.6462431,39.2721285,-76.6484187,39.2702007,8,"B"
"426",4951,4.951,3.0765514,1082,18.0333333333333,0.300555555555556,-76.6484187,39.2702007,-76.663282,39.2375785,9,"B"
"427",1569,1.569,0.9749766,327,5.45,0.0908333333333333,-76.663282,39.2375785,-76.6654664,39.2245956,10,"B"
"428",1036,1.036,0.6437704,234,3.9,0.065,-76.6654664,39.2245956,-76.675581,39.2203025,11,"B"
"429",1988,1.988,1.2353432,434,7.23333333333333,0.120555555555556,-76.675581,39.2203025,-76.6940039,39.2115885,12,"B"
"430",954,0.954,0.5928156,265,4.41666666666667,0.0736111111111111,-76.6940039,39.2115885,-76.7028979,39.212954,13,"B"
"431",3170,3.17,1.969838,577,9.61666666666667,0.160277777777778,-76.7028979,39.212954,-76.7207922,39.1905019,14,"B"
"432",209,0.209,0.1298726,69,1.15,0.0191666666666667,-76.7207922,39.1905019,-76.7189736,39.1892564,15,"B"
"433",1964,1.964,1.2204296,426,7.1,0.118333333333333,-76.7189736,39.1892564,-76.7326558,39.1796081,16,"B"
"434",342,0.342,0.2125188,51,0.85,0.0141666666666667,-76.7326558,39.1796081,-76.7352987,39.1818667,17,"B"
"435",793,0.793,0.4927702,304,5.06666666666667,0.0844444444444444,-76.7352987,39.1818667,-76.74099,39.1763543,18,"B"
"436",220,0.22,0.136708,39,0.65,0.0108333333333333,-76.74099,39.1763543,-76.7431389,39.1773866,19,"B"
"437",2644,2.644,1.6429816,611,10.1833333333333,0.169722222222222,-76.7431389,39.1773866,-76.7591519,39.1597572,20,"B"
"438",1111,1.111,0.6903754,262,4.36666666666667,0.0727777777777778,-76.7591519,39.1597572,-76.7701593,39.1644284,21,"B"
"439",5776,5.776,3.5892064,1495,24.9166666666667,0.415277777777778,-76.7701593,39.1644284,-76.7964728,39.1208592,22,"B"
"440",328,0.328,0.2038192,64,1.06666666666667,0.0177777777777778,-76.7964728,39.1208592,-76.7983897,39.1222727,23,"B"
"441",8543,8.543,5.3086202,1701,28.35,0.4725,-76.7983897,39.1222727,-76.8430963,39.07002,24,"B"
"442",616,0.616,0.3827824,152,2.53333333333333,0.0422222222222222,-76.8430963,39.07002,-76.8488989,39.0669666,25,"B"
"443",1410,1.41,0.876174,374,6.23333333333333,0.103888888888889,-76.8488989,39.0669666,-76.8549041,39.0558306,26,"B"
"444",1275,1.275,0.792285,272,4.53333333333333,0.0755555555555556,-76.8549041,39.0558306,-76.869487,39.0562355,27,"B"
"445",1148,1.148,0.7133672,183,3.05,0.0508333333333333,-76.869487,39.0562355,-76.8734374,39.0469823,28,"B"
"446",2219,2.219,1.3788866,445,7.41666666666667,0.123611111111111,-76.8734374,39.0469823,-76.897783,39.04307,29,"B"
"447",2302,2.302,1.4304628,441,7.35,0.1225,-76.897783,39.04307,-76.9014006,39.0230564,30,"B"
"448",1430,1.43,0.888602,309,5.15,0.0858333333333333,-76.9014006,39.0230564,-76.9173521,39.0253249,31,"B"
"449",3107,3.107,1.9306898,530,8.83333333333333,0.147222222222222,-76.9173521,39.0253249,-76.9256223,38.9981769,32,"B"
"450",908,0.908,0.5642312,176,2.93333333333333,0.0488888888888889,-76.9256223,38.9981769,-76.9281875,38.9903443,33,"B"
"451",68,0.068,0.0422552,10,0.166666666666667,0.00277777777777778,-76.9281875,38.9903443,-76.9284473,38.9897742,34,"B"
"452",193,0.193,0.1199302,30,0.5,0.00833333333333333,-76.9284473,38.9897742,-76.929053,38.9881139,35,"B"
"453",139,0.139,0.0863746,23,0.383333333333333,0.00638888888888889,-76.929053,38.9881139,-76.9295755,38.9869498,36,"B"
"454",370,0.37,0.229918,60,1,0.0166666666666667,-76.9295755,38.9869498,-76.925713,38.9857427,37,"B"
"455",278,0.278,0.1727492,54,0.9,0.015,-76.925713,38.9857427,-76.9246865,38.9844754,38,"B"
"456",416,0.416,0.2585024,71,1.18333333333333,0.0197222222222222,-76.9246865,38.9844754,-76.920941,38.9831961,39,"B"
"457",181,0.181,0.1124734,28,0.466666666666667,0.00777777777777778,-76.920941,38.9831961,-76.9202226,38.9818088,40,"B"
"458",959,0.959,0.5959226,166,2.76666666666667,0.0461111111111111,-76.9202226,38.9818088,-76.9205014,38.9760872,41,"B"
"459",241,0.241,0.1497574,64,1.06666666666667,0.0177777777777778,-76.9205014,38.9760872,-76.9206631,38.9753526,42,"B"
"460",30,0.03,0.018642,5,0.0833333333333333,0.00138888888888889,-76.9206631,38.9753526,-76.9210037,38.9754211,43,"B"
"461",4193,4.193,2.6055302,792,13.2,0.22,-76.9210037,38.9754211,-76.9420834,38.9451914,44,"B"
"462",48,0.048,0.0298272,26,0.433333333333333,0.00722222222222222,-76.9420834,38.9451914,-76.9418549,38.9455702,45,"B"
"463",377,0.377,0.2342678,62,1.03333333333333,0.0172222222222222,-76.9418549,38.9455702,-76.945914,38.9462512,46,"B"
"464",1672,1.672,1.0389808,411,6.85,0.114166666666667,-76.945914,38.9462512,-76.960624,38.936582,47,"B"
"465",1788,1.788,1.1110632,401,6.68333333333333,0.111388888888889,-76.960624,38.936582,-76.9781656,38.928182,48,"B"
"466",1237,1.237,0.7686718,305,5.08333333333333,0.0847222222222222,-76.9781656,38.928182,-76.992433,38.927516,49,"B"
"467",334,0.334,0.2075476,76,1.26666666666667,0.0211111111111111,-76.992433,38.927516,-76.992426,38.924511,50,"B"
"468",113,0.113,0.0702182,14,0.233333333333333,0.00388888888888889,-76.992426,38.924511,-76.993735,38.924501,51,"B"
"469",288,0.288,0.1789632,37,0.616666666666667,0.0102777777777778,-76.993735,38.924501,-76.9939132,38.9219253,52,"B"
"470",85,0.085,0.052819,78,1.3,0.0216666666666667,-76.9939132,38.9219253,-76.9936427,38.9211982,53,"B"
"471",214,0.214,0.1329796,42,0.7,0.0116666666666667,-76.9936427,38.9211982,-76.9958955,38.9204493,54,"B"
"472",187,0.187,0.1162018,29,0.483333333333333,0.00805555555555556,-76.9958955,38.9204493,-76.9962817,38.9218662,55,"B"
"473",1119,1.119,0.6953466,182,3.03333333333333,0.0505555555555556,-76.9962817,38.9218662,-77.0011632,38.9125966,56,"B"
"474",2888,2.888,1.7946032,800,13.3333333333333,0.222222222222222,-77.0011632,38.9125966,-77.0345334,38.9126048,57,"B"
"475",520,0.52,0.323128,78,1.3,0.0216666666666667,-77.0345334,38.9126048,-77.0345599,38.9079272,58,"B"
"476",161,0.161,0.1000454,51,0.85,0.0141666666666667,-77.0345599,38.9079272,-77.0362911,38.9074348,59,"B"
"477",147,0.147,0.0913458,36,0.6,0.01,-77.0362911,38.9074348,-77.0376638,38.9068501,60,"B"
"478",333,0.333,0.2069262,48,0.8,0.0133333333333333,-77.0376638,38.9068501,-77.0411838,38.9056297,61,"B"
"479",2398,2.398,1.4901172,651,10.85,0.180833333333333,-77.0411838,38.9056297,-77.0687829,38.9050582,62,"B"
"480",730,0.73,0.453622,266,4.43333333333333,0.0738888888888889,-77.0687829,38.9050582,-77.0719782,38.8991518,63,"B"
"481",1157,1.157,0.7189598,414,6.9,0.115,-77.0719782,38.8991518,-77.0846936,38.8967098,64,"B"
"482",1706,1.706,1.0601084,483,8.05,0.134166666666667,-77.0846936,38.8967098,-77.1004627,38.8946303,65,"B"
"483",451,0.451,0.2802514,117,1.95,0.0325,-77.1004627,38.8946303,-77.1032355,38.8913483,66,"B"
"484",1268,1.268,0.7879352,366,6.1,0.101666666666667,-77.1032355,38.8913483,-77.1167089,38.8877451,67,"B"
"485",725,0.725,0.450515,171,2.85,0.0475,-77.1167089,38.8877451,-77.1217781,38.8829536,68,"B"
"486",1413,1.413,0.8780382,330,5.5,0.0916666666666667,-77.1217781,38.8829536,-77.1361749,38.8791171,69,"B"
"487",237,0.237,0.1472718,56,0.933333333333333,0.0155555555555556,-77.1361749,38.8791171,-77.1388225,38.8791102,70,"B"
"488",1523,1.523,0.9463922,316,5.26666666666667,0.0877777777777778,-77.1388225,38.8791102,-77.1542349,38.8839249,71,"B"
"489",329,0.329,0.2044406,62,1.03333333333333,0.0172222222222222,-77.1542349,38.8839249,-77.1573598,38.8825716,72,"B"
"490",19,0.019,0.0118066,2,0.0333333333333333,0.000555555555555556,-77.1573598,38.8825716,-77.1574061,38.882737,73,"B"
"491",11,0.011,0.0068354,2,0.0333333333333333,0.000555555555555556,-77.1574061,38.882737,-77.1573702,38.8828302,74,"B"
"492",112,0.112,0.0695968,29,0.483333333333333,0.00805555555555556,-77.1573702,38.8828302,-77.1567744,38.8834505,75,"B"
"493",214,0.214,0.1329796,71,1.18333333333333,0.0197222222222222,-77.1567744,38.8834505,-77.1573085,38.8852263,76,"B"
"494",504,0.504,0.3131856,84,1.4,0.0233333333333333,-77.1573085,38.8852263,-77.1618929,38.8871862,77,"B"
"495",1612,1.612,1.0016968,423,7.05,0.1175,-77.1618929,38.8871862,-77.179708,38.8910864,78,"B"
"496",408,0.408,0.2535312,96,1.6,0.0266666666666667,-77.179708,38.8910864,-77.1843566,38.8916985,79,"B"
"497",781,0.781,0.4853134,167,2.78333333333333,0.0463888888888889,-77.1843566,38.8916985,-77.1933473,38.8915247,80,"B"
"498",1082,1.082,0.6723548,252,4.2,0.07,-77.1933473,38.8915247,-77.2055058,38.8900559,81,"B"
"499",558,0.558,0.3467412,231,3.85,0.0641666666666667,-77.2055058,38.8900559,-77.2112529,38.8913825,82,"B"
"500",4555,4.555,2.830477,831,13.85,0.230833333333333,-77.2112529,38.8913825,-77.2592886,38.9009997,83,"B"
"501",77,0.077,0.0478478,38,0.633333333333333,0.0105555555555556,-77.2592886,38.9009997,-77.2600912,38.9009428,84,"B"
"502",64,0.064,0.0397696,13,0.216666666666667,0.00361111111111111,-77.2600912,38.9009428,-77.2600932,38.9004173,85,"B"
"503",223,0.223,0.1385722,35,0.583333333333333,0.00972222222222222,-77.2600932,38.9004173,-77.261915,38.8990397,86,"B"
"504",169,0.169,0.1050166,26,0.433333333333333,0.00722222222222222,-77.261915,38.8990397,-77.2633102,38.9001072,87,"B"
"505",385,0.385,0.239239,107,1.78333333333333,0.0297222222222222,-77.2633102,38.9001072,-77.2664648,38.8976786,88,"B"
"506",3099,3.099,1.9257186,694,11.5666666666667,0.192777777777778,-77.2664648,38.8976786,-77.2929066,38.8828487,89,"B"
"507",1332,1.332,0.8277048,329,5.48333333333333,0.0913888888888889,-77.2929066,38.8828487,-77.305725,38.8772708,90,"B"
"508",1894,1.894,1.1769316,391,6.51666666666667,0.108611111111111,-77.305725,38.8772708,-77.3216443,38.8669799,91,"B"
"509",204,0.204,0.1267656,128,2.13333333333333,0.0355555555555556,-77.3216443,38.8669799,-77.3228247,38.865395,92,"B"
"510",9,0.009,0.0055926,22,0.366666666666667,0.00611111111111111,-77.3228247,38.865395,-77.322733,38.8653617,93,"B"
"511",1073,1.073,0.6667622,196,3.26666666666667,0.0544444444444444,-77.322733,38.8653617,-77.3304431,38.85792,94,"B"
"512",16,0.016,0.0099424,4,0.0666666666666667,0.00111111111111111,-77.3304431,38.85792,-77.3305845,38.8580158,95,"B"
"513",370,0.37,0.229918,148,2.46666666666667,0.0411111111111111,-77.3305845,38.8580158,-77.3327293,38.855175,96,"B"
"514",91,0.091,0.0565474,14,0.233333333333333,0.00388888888888889,-77.3327293,38.855175,-77.3337472,38.855394,97,"B"
"515",215,0.215,0.133601,36,0.6,0.01,-77.3337472,38.855394,-77.3357902,38.8552929,98,"B"
"516",80,0.08,0.049712,11,0.183333333333333,0.00305555555555556,-77.3357902,38.8552929,-77.3365965,38.8556526,99,"B"
"517",746,0.746,0.4635644,246,4.1,0.0683333333333333,-77.3365965,38.8556526,-77.3379492,38.8492322,100,"B"
"518",6,0.006,0.0037284,2,0.0333333333333333,0.000555555555555556,-77.3379492,38.8492322,-77.3380218,38.8492425,101,"B"
"519",1889,1.889,1.1738246,343,5.71666666666667,0.0952777777777778,-77.3380218,38.8492425,-77.3448129,38.8335585,102,"B"
"520",1815,1.815,1.127841,288,4.8,0.08,-77.3448129,38.8335585,-77.3645879,38.8292117,103,"B"
"521",368,0.368,0.2286752,127,2.11666666666667,0.0352777777777778,-77.3645879,38.8292117,-77.3684276,38.8278466,104,"B"
"522",3999,3.999,2.4849786,762,12.7,0.211666666666667,-77.3684276,38.8278466,-77.4129533,38.830326,105,"B"
"523",12,0.012,0.0074568,2,0.0333333333333333,0.000555555555555556,-77.4129533,38.830326,-77.4129895,38.8302255,106,"B"
"524",617,0.617,0.3834038,109,1.81666666666667,0.0302777777777778,-77.4129895,38.8302255,-77.4199988,38.8292877,107,"B"
"525",561,0.561,0.3486054,167,2.78333333333333,0.0463888888888889,-77.4199988,38.8292877,-77.4262272,38.8282455,108,"B"
"526",917,0.917,0.5698238,167,2.78333333333333,0.0463888888888889,-77.4262272,38.8282455,-77.4362969,38.8272588,109,"B"
"527",2231,2.231,1.3863434,315,5.25,0.0875,-77.4362969,38.8272588,-77.4486316,38.809762,110,"B"
"528",102,0.102,0.0633828,86,1.43333333333333,0.0238888888888889,-77.4486316,38.809762,-77.4497326,38.809989,111,"B"
"529",1563,1.563,0.9712482,229,3.81666666666667,0.0636111111111111,-77.4497326,38.809989,-77.457533,38.7974611,112,"B"
"530",561,0.561,0.3486054,173,2.88333333333333,0.0480555555555556,-77.457533,38.7974611,-77.45803,38.7926141,113,"B"
"531",595,0.595,0.369733,88,1.46666666666667,0.0244444444444444,-77.45803,38.7926141,-77.464863,38.793096,114,"B"
"532",383,0.383,0.2379962,91,1.51666666666667,0.0252777777777778,-77.464863,38.793096,-77.4652491,38.7896605,115,"B"
"533",753,0.753,0.4679142,134,2.23333333333333,0.0372222222222222,-77.4652491,38.7896605,-77.4733848,38.7913155,116,"B"
"534",945,0.945,0.587223,178,2.96666666666667,0.0494444444444444,-77.4733848,38.7913155,-77.4811759,38.7854309,117,"B"
"535",85,0.085,0.052819,21,0.35,0.00583333333333333,-77.4811759,38.7854309,-77.4807821,38.7847331,118,"B"
"536",579,0.579,0.3597906,102,1.7,0.0283333333333333,-77.4807821,38.7847331,-77.4853167,38.7810489,119,"B"
"537",2979,2.979,1.8511506,667,11.1166666666667,0.185277777777778,-77.4853167,38.7810489,-77.516854,38.7820946,120,"B"
"538",242,0.242,0.1503788,54,0.9,0.015,-77.516854,38.7820946,-77.51874,38.7837022,121,"B"
"539",1293,1.293,0.8034702,265,4.41666666666667,0.0736111111111111,-77.51874,38.7837022,-77.528484,38.7749064,122,"B"
"540",21,0.021,0.0130494,4,0.0666666666666667,0.00111111111111111,-77.528484,38.7749064,-77.5283147,38.7747774,123,"B"
"541",5541,5.541,3.4431774,1118,18.6333333333333,0.310555555555556,-77.5283147,38.7747774,-77.5749348,38.7464277,124,"B"
"542",5,0.005,0.003107,22,0.366666666666667,0.00611111111111111,-77.5749348,38.7464277,-77.5748734,38.746435,125,"B"
"543",1372,1.372,0.8525608,270,4.5,0.075,-77.5748734,38.746435,-77.5795846,38.7347108,126,"B"
"544",24,0.024,0.0149136,6,0.1,0.00166666666666667,-77.5795846,38.7347108,-77.5798542,38.7347685,127,"B"
"545",213,0.213,0.1323582,73,1.21666666666667,0.0202777777777778,-77.5798542,38.7347685,-77.5802447,38.7328855,128,"B"
"546",406,0.406,0.2522884,102,1.7,0.0283333333333333,-77.5802447,38.7328855,-77.5756035,38.7326663,129,"B"
"547",1249,1.249,0.7761286,220,3.66666666666667,0.0611111111111111,-77.5756035,38.7326663,-77.576943,38.722451,130,"B"
"548",2531,2.531,1.5727634,433,7.21666666666667,0.120277777777778,-77.576943,38.722451,-77.58711,38.701422,131,"B"
"549",295,0.295,0.183313,59,0.983333333333333,0.0163888888888889,-77.58711,38.701422,-77.5840363,38.7002797,132,"B"
"550",265,0.265,0.164671,45,0.75,0.0125,-77.5840363,38.7002797,-77.5861886,38.698709,133,"B"
"551",17108,17.108,10.6309112,3113,51.8833333333333,0.864722222222222,-77.5861886,38.698709,-77.7262939,38.6001365,134,"B"
"552",486,0.486,0.3020004,129,2.15,0.0358333333333333,-77.7262939,38.6001365,-77.7227493,38.5967586,135,"B"
"553",925,0.925,0.574795,147,2.45,0.0408333333333333,-77.7227493,38.5967586,-77.727051,38.5900029,136,"B"
"554",4182,4.182,2.5986948,694,11.5666666666667,0.192777777777778,-77.727051,38.5900029,-77.7638279,38.5713821,137,"B"
"555",76,0.076,0.0472264,16,0.266666666666667,0.00444444444444444,-77.7638279,38.5713821,-77.7643626,38.5719216,138,"B"
"556",5491,5.491,3.4121074,941,15.6833333333333,0.261388888888889,-77.7643626,38.5719216,-77.8049507,38.535216,139,"B"
"557",128,0.128,0.0795392,22,0.366666666666667,0.00611111111111111,-77.8049507,38.535216,-77.8055376,38.5341619,140,"B"
"558",211,0.211,0.1311154,37,0.616666666666667,0.0102777777777778,-77.8055376,38.5341619,-77.8077716,38.534903,141,"B"
"559",1417,1.417,0.8805238,335,5.58333333333333,0.0930555555555556,-77.8077716,38.534903,-77.8193416,38.5268395,142,"B"
"560",8433,8.433,5.2402662,1537,25.6166666666667,0.426944444444444,-77.8193416,38.5268395,-77.81138,38.4644579,143,"B"
"561",1213,1.213,0.7537582,301,5.01666666666667,0.0836111111111111,-77.81138,38.4644579,-77.818305,38.4555802,144,"B"
"562",2469,2.469,1.5342366,481,8.01666666666667,0.133611111111111,-77.818305,38.4555802,-77.8247734,38.4344093,145,"B"
"563",3261,3.261,2.0263854,688,11.4666666666667,0.191111111111111,-77.8247734,38.4344093,-77.7984182,38.4169354,146,"B"
"564",3864,3.864,2.4010896,679,11.3166666666667,0.188611111111111,-77.7984182,38.4169354,-77.7946398,38.3860525,147,"B"
"565",3420,3.42,2.125188,993,16.55,0.275833333333333,-77.7946398,38.3860525,-77.7668058,38.3659339,148,"B"
"566",6623,6.623,4.1155322,1353,22.55,0.375833333333333,-77.7668058,38.3659339,-77.7791174,38.3120047,149,"B"
"567",2842,2.842,1.7660188,601,10.0166666666667,0.166944444444444,-77.7791174,38.3120047,-77.8104093,38.3049195,150,"B"
"568",2060,2.06,1.280084,401,6.68333333333333,0.111388888888889,-77.8104093,38.3049195,-77.7939386,38.2927027,151,"B"
"569",3110,3.11,1.932554,567,9.45,0.1575,-77.7939386,38.2927027,-77.8053752,38.2675472,152,"B"
"570",3068,3.068,1.9064552,540,9,0.15,-77.8053752,38.2675472,-77.8377935,38.2576774,153,"B"
"571",3483,3.483,2.1643362,698,11.6333333333333,0.193888888888889,-77.8377935,38.2576774,-77.8341449,38.2295625,154,"B"
"572",269,0.269,0.1671566,42,0.7,0.0116666666666667,-77.8341449,38.2295625,-77.8325528,38.2274906,155,"B"
"573",4971,4.971,3.0889794,795,13.25,0.220833333333333,-77.8325528,38.2274906,-77.8541781,38.1888018,156,"B"
"574",10061,10.061,6.2519054,1831,30.5166666666667,0.508611111111111,-77.8541781,38.1888018,-77.885459,38.1107141,157,"B"
"575",2125,2.125,1.320475,503,8.38333333333333,0.139722222222222,-77.885459,38.1107141,-77.8872848,38.0924809,158,"B"
"576",10281,10.281,6.3886134,2084,34.7333333333333,0.578888888888889,-77.8872848,38.0924809,-77.9073347,38.0107533,159,"B"
"577",130,0.13,0.080782,27,0.45,0.0075,-77.9073347,38.0107533,-77.9088141,38.0107569,160,"B"
"578",1055,1.055,0.655577,233,3.88333333333333,0.0647222222222222,-77.9088141,38.0107569,-77.9087801,38.0012714,161,"B"
"579",5124,5.124,3.1840536,881,14.6833333333333,0.244722222222222,-77.9087801,38.0012714,-77.9043946,37.9609982,162,"B"
"580",1048,1.048,0.6512272,220,3.66666666666667,0.0611111111111111,-77.9043946,37.9609982,-77.8999265,37.9525876,163,"B"
"581",1065,1.065,0.661791,160,2.66666666666667,0.0444444444444444,-77.8999265,37.9525876,-77.9015086,37.9433367,164,"B"
"582",8134,8.134,5.0544676,1574,26.2333333333333,0.437222222222222,-77.9015086,37.9433367,-77.942129,37.8840343,165,"B"
"583",1908,1.908,1.1856312,381,6.35,0.105833333333333,-77.942129,37.8840343,-77.9624495,37.8854603,166,"B"
"584",5540,5.54,3.442556,1052,17.5333333333333,0.292222222222222,-77.9624495,37.8854603,-78.000101,37.852594,167,"B"
"585",15767,15.767,9.7976138,3011,50.1833333333333,0.836388888888889,-78.000101,37.852594,-78.0540665,37.7356277,168,"B"
"586",167,0.167,0.1037738,42,0.7,0.0116666666666667,-78.0540665,37.7356277,-78.0558766,37.7351895,169,"B"
"587",10358,10.358,6.4364612,2068,34.4666666666667,0.574444444444444,-78.0558766,37.7351895,-78.099856,37.6579951,170,"B"
"588",20745,20.745,12.890943,3694,61.5666666666667,1.02611111111111,-78.099856,37.6579951,-78.2106347,37.516082,171,"B"
"589",5572,5.572,3.4624408,1005,16.75,0.279166666666667,-78.2106347,37.516082,-78.2592911,37.4872876,172,"B"
"590",2988,2.988,1.8567432,683,11.3833333333333,0.189722222222222,-78.2592911,37.4872876,-78.2798897,37.4671752,173,"B"
"591",23084,23.084,14.3443976,3997,66.6166666666667,1.11027777777778,-78.2798897,37.4671752,-78.3909523,37.304508,174,"B"
"592",26134,26.134,16.2396676,4845,80.75,1.34583333333333,-78.3909523,37.304508,-78.6637833,37.260727,175,"B"
"593",180,0.18,0.111852,74,1.23333333333333,0.0205555555555556,-78.6637833,37.260727,-78.664639,37.2621948,176,"B"
"594",1767,1.767,1.0980138,360,6,0.1,-78.664639,37.2621948,-78.6813866,37.2643667,177,"B"
"595",16043,16.043,9.9691202,2965,49.4166666666667,0.823611111111111,-78.6813866,37.2643667,-78.6889178,37.1341086,178,"B"
"596",7194,7.194,4.4703516,1347,22.45,0.374166666666667,-78.6889178,37.1341086,-78.6959949,37.0735538,179,"B"
"597",303,0.303,0.1882842,98,1.63333333333333,0.0272222222222222,-78.6959949,37.0735538,-78.6944159,37.0713008,180,"B"
"598",3524,3.524,2.1898136,629,10.4833333333333,0.174722222222222,-78.6944159,37.0713008,-78.7158654,37.0461349,181,"B"
"599",16889,16.889,10.4948246,3005,50.0833333333333,0.834722222222222,-78.7158654,37.0461349,-78.7422703,36.9131418,182,"B"
"600",7760,7.76,4.822064,1606,26.7666666666667,0.446111111111111,-78.7422703,36.9131418,-78.7838185,36.8634025,183,"B"
"601",7914,7.914,4.9177596,1307,21.7833333333333,0.363055555555556,-78.7838185,36.8634025,-78.7784903,36.7984719,184,"B"
"602",15422,15.422,9.5832308,2919,48.65,0.810833333333333,-78.7784903,36.7984719,-78.8888809,36.7050103,185,"B"
"603",875,0.875,0.543725,242,4.03333333333333,0.0672222222222222,-78.8888809,36.7050103,-78.8986889,36.704764,186,"B"
"604",780,0.78,0.484692,173,2.88333333333333,0.0480555555555556,-78.8986889,36.704764,-78.901667,36.698616,187,"B"
"605",1251,1.251,0.7773714,273,4.55,0.0758333333333333,-78.901667,36.698616,-78.9000068,36.6874823,188,"B"
"606",721,0.721,0.4480294,139,2.31666666666667,0.0386111111111111,-78.9000068,36.6874823,-78.9073709,36.6849736,189,"B"
"607",3078,3.078,1.9126692,679,11.3166666666667,0.188611111111111,-78.9073709,36.6849736,-78.91758,36.660855,190,"B"
"608",8330,8.33,5.176262,1566,26.1,0.435,-78.91758,36.660855,-78.9598776,36.609154,191,"B"
"609",4531,4.531,2.8155634,831,13.85,0.230833333333333,-78.9598776,36.609154,-78.9920261,36.5873343,192,"B"
"610",1861,1.861,1.1564254,340,5.66666666666667,0.0944444444444444,-78.9920261,36.5873343,-79.0026936,36.5732656,193,"B"
"611",841,0.841,0.5225974,164,2.73333333333333,0.0455555555555556,-79.0026936,36.5732656,-79.0119191,36.5742809,194,"B"
"612",11,0.011,0.0068354,3,0.05,0.000833333333333333,-79.0119191,36.5742809,-79.0119524,36.5741818,195,"B"
"613",1568,1.568,0.9743552,311,5.18333333333333,0.0863888888888889,-79.0119524,36.5741818,-79.0277106,36.572736,196,"B"
"614",19,0.019,0.0118066,9,0.15,0.0025,-79.0277106,36.572736,-79.0278611,36.5728588,197,"B"
"615",3749,3.749,2.3296286,757,12.6166666666667,0.210277777777778,-79.0278611,36.5728588,-79.0595892,36.5552642,198,"B"
"616",2101,2.101,1.3055614,427,7.11666666666667,0.118611111111111,-79.0595892,36.5552642,-79.070043,36.5420481,199,"B"
"617",8741,8.741,5.4316574,1574,26.2333333333333,0.437222222222222,-79.070043,36.5420481,-79.1462757,36.505411,200,"B"
"618",818,0.818,0.5083052,221,3.68333333333333,0.0613888888888889,-79.1462757,36.505411,-79.1487537,36.4983874,201,"B"
"619",1913,1.913,1.1887382,335,5.58333333333333,0.0930555555555556,-79.1487537,36.4983874,-79.1696637,36.5017393,202,"B"
"620",7449,7.449,4.6288086,1408,23.4666666666667,0.391111111111111,-79.1696637,36.5017393,-79.2415806,36.4916516,203,"B"
"621",13572,13.572,8.4336408,2460,41,0.683333333333333,-79.2415806,36.4916516,-79.3292875,36.4044307,204,"B"
"622",2184,2.184,1.3571376,350,5.83333333333333,0.0972222222222222,-79.3292875,36.4044307,-79.3312036,36.3855024,205,"B"
"623",2984,2.984,1.8542576,724,12.0666666666667,0.201111111111111,-79.3312036,36.3855024,-79.3599364,36.3744747,206,"B"
"624",3547,3.547,2.2041058,725,12.0833333333333,0.201388888888889,-79.3599364,36.3744747,-79.3606059,36.3453772,207,"B"
"625",5763,5.763,3.5811282,1113,18.55,0.309166666666667,-79.3606059,36.3453772,-79.4070659,36.3138626,208,"B"
"626",12415,12.415,7.714681,2253,37.55,0.625833333333333,-79.4070659,36.3138626,-79.5201167,36.2800376,209,"B"
"627",1419,1.419,0.8817666,246,4.1,0.0683333333333333,-79.5201167,36.2800376,-79.5205871,36.2672888,210,"B"
"628",19,0.019,0.0118066,2,0.0333333333333333,0.000555555555555556,-79.5205871,36.2672888,-79.5207912,36.2672344,211,"B"
"629",148,0.148,0.0919672,101,1.68333333333333,0.0280555555555556,-79.5207912,36.2672344,-79.5206372,36.2659098,212,"B"
"630",4593,4.593,2.8540902,741,12.35,0.205833333333333,-79.5206372,36.2659098,-79.5552,36.2356,213,"B"
"631",2221,2.221,1.3801294,476,7.93333333333333,0.132222222222222,-79.5552,36.2356,-79.5686756,36.2195875,214,"B"
"632",1032,1.032,0.6412848,215,3.58333333333333,0.0597222222222222,-79.5686756,36.2195875,-79.5792309,36.2180147,215,"B"
"633",11081,11.081,6.8857334,2261,37.6833333333333,0.628055555555556,-79.5792309,36.2180147,-79.6110569,36.1320716,216,"B"
"634",6224,6.224,3.8675936,1114,18.5666666666667,0.309444444444444,-79.6110569,36.1320716,-79.6636604,36.1019309,217,"B"
"635",98,0.098,0.0608972,11,0.183333333333333,0.00305555555555556,-79.6636604,36.1019309,-79.6632872,36.1011068,218,"B"
"636",1873,1.873,1.1638822,348,5.8,0.0966666666666667,-79.6632872,36.1011068,-79.6787491,36.0905218,219,"B"
"637",459,0.459,0.2852226,82,1.36666666666667,0.0227777777777778,-79.6787491,36.0905218,-79.6801695,36.0865597,220,"B"
"638",4,0.004,0.0024856,18,0.3,0.005,-79.6801695,36.0865597,-79.6802087,36.0865697,221,"B"
"639",296,0.296,0.1839344,88,1.46666666666667,0.0244444444444444,-79.6802087,36.0865697,-79.6804436,36.0839279,222,"B"
"640",3251,3.251,2.0201714,627,10.45,0.174166666666667,-79.6804436,36.0839279,-79.6994976,36.0617652,223,"B"
"641",1272,1.272,0.7904208,247,4.11666666666667,0.0686111111111111,-79.6994976,36.0617652,-79.7128814,36.0598075,224,"B"
"642",1457,1.457,0.9053798,281,4.68333333333333,0.0780555555555556,-79.7128814,36.0598075,-79.7058893,36.0483535,225,"B"
"643",5363,5.363,3.3325682,1082,18.0333333333333,0.300555555555556,-79.7058893,36.0483535,-79.758482,36.035416,226,"B"
"644",479,0.479,0.2976506,95,1.58333333333333,0.0263888888888889,-79.758482,36.035416,-79.7634502,36.0369056,227,"B"
"645",454,0.454,0.2821156,101,1.68333333333333,0.0280555555555556,-79.7634502,36.0369056,-79.7639515,36.0329509,228,"B"
"646",433,0.433,0.2690662,81,1.35,0.0225,-79.7639515,36.0329509,-79.7652255,36.0295868,229,"B"
"647",96,0.096,0.0596544,12,0.2,0.00333333333333333,-79.7652255,36.0295868,-79.7661751,36.0292864,230,"B"
"648",248,0.248,0.1541072,70,1.16666666666667,0.0194444444444444,-79.7661751,36.0292864,-79.7679621,36.0309649,231,"B"
"649",1275,1.275,0.792285,302,5.03333333333333,0.0838888888888889,-79.7679621,36.0309649,-79.7760255,36.0215831,232,"B"
"650",4565,4.565,2.836691,857,14.2833333333333,0.238055555555556,-79.7760255,36.0215831,-79.7773942,35.9809024,233,"B"
"651",3475,3.475,2.159365,634,10.5666666666667,0.176111111111111,-79.7773942,35.9809024,-79.7948406,35.9542987,234,"B"
"652",2984,2.984,1.8542576,720,12,0.2,-79.7948406,35.9542987,-79.8272024,35.9521021,235,"B"
"653",560,0.56,0.347984,121,2.01666666666667,0.0336111111111111,-79.8272024,35.9521021,-79.8267337,35.9470815,236,"B"
"654",5968,5.968,3.7085152,1108,18.4666666666667,0.307777777777778,-79.8267337,35.9470815,-79.8601453,35.9023603,237,"B"
"655",6402,6.402,3.9782028,1439,23.9833333333333,0.399722222222222,-79.8601453,35.9023603,-79.907236,35.8709515,238,"B"
"656",524,0.524,0.3256136,143,2.38333333333333,0.0397222222222222,-79.907236,35.8709515,-79.903348,35.8674575,239,"B"
"657",1335,1.335,0.829569,234,3.9,0.065,-79.903348,35.8674575,-79.9054817,35.8562338,240,"B"
"658",2058,2.058,1.2788412,313,5.21666666666667,0.0869444444444444,-79.9054817,35.8562338,-79.921105,35.846496,241,"B"
"659",1393,1.393,0.8656102,311,5.18333333333333,0.0863888888888889,-79.921105,35.846496,-79.9365237,35.8470518,242,"B"
"660",1389,1.389,0.8631246,268,4.46666666666667,0.0744444444444444,-79.9365237,35.8470518,-79.939355,35.8351476,243,"B"
"661",4303,4.303,2.6738842,838,13.9666666666667,0.232777777777778,-79.939355,35.8351476,-79.9637045,35.8029012,244,"B"
"662",5398,5.398,3.3543172,1183,19.7166666666667,0.328611111111111,-79.9637045,35.8029012,-80.0118736,35.7873586,245,"B"
"663",4841,4.841,3.0081974,1054,17.5666666666667,0.292777777777778,-80.0118736,35.7873586,-80.0033062,35.7484292,246,"B"
"664",39,0.039,0.0242346,16,0.266666666666667,0.00444444444444444,-80.0033062,35.7484292,-80.0037277,35.748337,247,"B"
"665",395,0.395,0.245453,82,1.36666666666667,0.0227777777777778,-80.0037277,35.748337,-80.0026813,35.7450528,248,"B"
"666",9218,9.218,5.7280652,2119,35.3166666666667,0.588611111111111,-80.0026813,35.7450528,-80.023913,35.6687581,249,"B"
"667",4793,4.793,2.9783702,1014,16.9,0.281666666666667,-80.023913,35.6687581,-80.0613182,35.645452,250,"B"
"668",4605,4.605,2.861547,900,15,0.25,-80.0613182,35.645452,-80.1083828,35.6348346,251,"B"
"669",359,0.359,0.2230826,84,1.4,0.0233333333333333,-80.1083828,35.6348346,-80.1123541,35.6347723,252,"B"
"670",138,0.138,0.0857532,25,0.416666666666667,0.00694444444444444,-80.1123541,35.6347723,-80.1123722,35.6335296,253,"B"
"671",56,0.056,0.0347984,33,0.55,0.00916666666666667,-80.1123722,35.6335296,-80.1129944,35.6335093,254,"B"
"672",354,0.354,0.2199756,111,1.85,0.0308333333333333,-80.1129944,35.6335093,-80.1131185,35.6303267,255,"B"
"673",961,0.961,0.5971654,146,2.43333333333333,0.0405555555555556,-80.1131185,35.6303267,-80.12374,35.6306582,256,"B"
"674",158,0.158,0.0981812,23,0.383333333333333,0.00638888888888889,-80.12374,35.6306582,-80.1242527,35.6293117,257,"B"
"675",5233,5.233,3.2517862,911,15.1833333333333,0.253055555555556,-80.1242527,35.6293117,-80.177041,35.6167687,258,"B"
"676",7643,7.643,4.7493602,1461,24.35,0.405833333333333,-80.177041,35.6167687,-80.2515923,35.5868709,259,"B"
"677",4791,4.791,2.9771274,893,14.8833333333333,0.248055555555556,-80.2515923,35.5868709,-80.2833225,35.5582638,260,"B"
"678",6615,6.615,4.110561,1301,21.6833333333333,0.361388888888889,-80.2833225,35.5582638,-80.3393716,35.5228712,261,"B"
"679",137,0.137,0.0851318,99,1.65,0.0275,-80.3393716,35.5228712,-80.3382589,35.522042,262,"B"
"680",168,0.168,0.1043952,38,0.633333333333333,0.0105555555555556,-80.3382589,35.522042,-80.3398471,35.5213084,263,"B"
"681",178,0.178,0.1106092,35,0.583333333333333,0.00972222222222222,-80.3398471,35.5213084,-80.33889,35.5199058,264,"B"
"682",2150,2.15,1.33601,374,6.23333333333333,0.103888888888889,-80.33889,35.5199058,-80.349581,35.5032262,265,"B"
"683",166,0.166,0.1031524,20,0.333333333333333,0.00555555555555556,-80.349581,35.5032262,-80.3496098,35.5017312,266,"B"
"684",8912,8.912,5.5379168,1473,24.55,0.409166666666667,-80.3496098,35.5017312,-80.3963773,35.4355601,267,"B"
"685",27000,27,16.7778,5180,86.3333333333333,1.43888888888889,-80.3963773,35.4355601,-80.6484578,35.3222424,268,"B"
"686",659,0.659,0.4095026,223,3.71666666666667,0.0619444444444444,-80.6484578,35.3222424,-80.6537261,35.3193194,269,"B"
"687",1214,1.214,0.7543796,274,4.56666666666667,0.0761111111111111,-80.6537261,35.3193194,-80.65528,35.3092732,270,"B"
"688",1720,1.72,1.068808,322,5.36666666666667,0.0894444444444444,-80.65528,35.3092732,-80.673022,35.3053899,271,"B"
"689",3689,3.689,2.2923446,789,13.15,0.219166666666667,-80.673022,35.3053899,-80.6994987,35.2810715,272,"B"
"690",706,0.706,0.4387084,168,2.8,0.0466666666666667,-80.6994987,35.2810715,-80.6991996,35.274905,273,"B"
"691",165,0.165,0.102531,46,0.766666666666667,0.0127777777777778,-80.6991996,35.274905,-80.697423,35.274687,274,"B"
"692",3729,3.729,2.3172006,717,11.95,0.199166666666667,-80.697423,35.274687,-80.6908385,35.2434225,275,"B"
"693",3348,3.348,2.0804472,681,11.35,0.189166666666667,-80.6908385,35.2434225,-80.7199311,35.2300173,276,"B"
"694",490,0.49,0.304486,171,2.85,0.0475,-80.7199311,35.2300173,-80.7205602,35.225677,277,"B"
"695",2712,2.712,1.6852368,544,9.06666666666667,0.151111111111111,-80.7205602,35.225677,-80.748756,35.2243591,278,"B"
"696",8978,8.978,5.5789292,1711,28.5166666666667,0.475277777777778,-80.748756,35.2243591,-80.8082643,35.1713379,279,"B"
"697",1711,1.711,1.0632154,307,5.11666666666667,0.0852777777777778,-80.8082643,35.1713379,-80.8211255,35.160523,280,"B"
"698",3583,3.583,2.2264762,687,11.45,0.190833333333333,-80.8211255,35.160523,-80.8390712,35.1331872,281,"B"
"699",120,0.12,0.074568,23,0.383333333333333,0.00638888888888889,-80.8390712,35.1331872,-80.8402232,35.1326759,282,"B"
"700",1797,1.797,1.1166558,296,4.93333333333333,0.0822222222222222,-80.8402232,35.1326759,-80.8545599,35.1223457,283,"B"
"701",2957,2.957,1.8374798,517,8.61666666666667,0.143611111111111,-80.8545599,35.1223457,-80.8596348,35.0965638,284,"B"
"702",2002,2.002,1.2440428,385,6.41666666666667,0.106944444444444,-80.8596348,35.0965638,-80.8683961,35.0845637,285,"B"
"703",920,0.92,0.571688,164,2.73333333333333,0.0455555555555556,-80.8683961,35.0845637,-80.8707482,35.0772777,286,"B"
"704",769,0.769,0.4778566,196,3.26666666666667,0.0544444444444444,-80.8707482,35.0772777,-80.8787162,35.0755239,287,"B"
"705",622,0.622,0.3865108,180,3,0.05,-80.8787162,35.0755239,-80.8821827,35.0709349,288,"B"
"706",134,0.134,0.0832676,38,0.633333333333333,0.0105555555555556,-80.8821827,35.0709349,-80.880801,35.0705166,289,"B"
"707",1485,1.485,0.922779,308,5.13333333333333,0.0855555555555556,-80.880801,35.0705166,-80.892407,35.061772,290,"B"
"708",95,0.095,0.059033,30,0.5,0.00833333333333333,-80.892407,35.061772,-80.8929138,35.0610244,291,"B"
"709",1362,1.362,0.8463468,244,4.06666666666667,0.0677777777777778,-80.8929138,35.0610244,-80.9059247,35.0607579,292,"B"
"710",821,0.821,0.5101694,225,3.75,0.0625,-80.9059247,35.0607579,-80.9116572,35.056592,293,"B"
"711",1705,1.705,1.059487,494,8.23333333333333,0.137222222222222,-80.9116572,35.056592,-80.9177389,35.0429421,294,"B"
"712",1011,1.011,0.6282354,241,4.01666666666667,0.0669444444444444,-80.9177389,35.0429421,-80.9263891,35.0486304,295,"B"
"713",4659,4.659,2.8951026,944,15.7333333333333,0.262222222222222,-80.9263891,35.0486304,-80.9486134,35.0122776,296,"B"
"714",214,0.214,0.1329796,106,1.76666666666667,0.0294444444444444,-80.9486134,35.0122776,-80.9477747,35.0104831,297,"B"
"715",594,0.594,0.3691116,107,1.78333333333333,0.0297222222222222,-80.9477747,35.0104831,-80.9514031,35.0061819,298,"B"
"716",216,0.216,0.1342224,30,0.5,0.00833333333333333,-80.9514031,35.0061819,-80.9492853,35.0053116,299,"B"
"717",2607,2.607,1.6199898,440,7.33333333333333,0.122222222222222,-80.9492853,35.0053116,-80.9701297,34.991766,300,"B"
"718",3266,3.266,2.0294924,676,11.2666666666667,0.187777777777778,-80.9701297,34.991766,-80.9927461,34.9694787,301,"B"
"719",961,0.961,0.5971654,227,3.78333333333333,0.0630555555555556,-80.9927461,34.9694787,-80.994737,34.9610618,302,"B"
"720",4129,4.129,2.5657606,809,13.4833333333333,0.224722222222222,-80.994737,34.9610618,-81.0307796,34.9410786,303,"B"
"721",44,0.044,0.0273416,9,0.15,0.0025,-81.0307796,34.9410786,-81.0305747,34.9407202,304,"B"
"722",278,0.278,0.1727492,49,0.816666666666667,0.0136111111111111,-81.0305747,34.9407202,-81.0293939,34.9384618,305,"B"
"723",221,0.221,0.1373294,33,0.55,0.00916666666666667,-81.0293939,34.9384618,-81.029295,34.9366788,306,"B"
"724",486,0.486,0.3020004,82,1.36666666666667,0.0227777777777778,-81.029295,34.9366788,-81.0281933,34.9325286,307,"B"
"725",231,0.231,0.1435434,40,0.666666666666667,0.0111111111111111,-81.0281933,34.9325286,-81.0269209,34.9307334,308,"B"
"726",904,0.904,0.5617456,155,2.58333333333333,0.0430555555555556,-81.0269209,34.9307334,-81.034396,34.925479,309,"B"
"727",438,0.438,0.2721732,77,1.28333333333333,0.0213888888888889,-81.034396,34.925479,-81.0375798,34.9225956,310,"B"
"728",121,0.121,0.0751894,18,0.3,0.005,-81.0375798,34.9225956,-81.0377963,34.9215265,311,"B"
"729",307,0.307,0.1907698,79,1.31666666666667,0.0219444444444444,-81.0377963,34.9215265,-81.0411383,34.9218273,312,"B"
"730",2371,2.371,1.4733394,425,7.08333333333333,0.118055555555556,-81.0411383,34.9218273,-81.0590503,34.9069288,313,"B"
"731",1988,1.988,1.2353432,386,6.43333333333333,0.107222222222222,-81.0590503,34.9069288,-81.078853,34.909404,314,"B"
"732",1386,1.386,0.8612604,217,3.61666666666667,0.0602777777777778,-81.078853,34.909404,-81.0773881,34.8970093,315,"B"
"733",7319,7.319,4.5480266,1331,22.1833333333333,0.369722222222222,-81.0773881,34.8970093,-81.141666,34.8588097,316,"B"
"734",2232,2.232,1.3869648,384,6.4,0.106666666666667,-81.141666,34.8588097,-81.147248,34.83931,317,"B"
"735",2606,2.606,1.6193684,434,7.23333333333333,0.120555555555556,-81.147248,34.83931,-81.1256233,34.8251606,318,"B"
"736",2302,2.302,1.4304628,396,6.6,0.11,-81.1256233,34.8251606,-81.1330409,34.8056921,319,"B"
"737",4916,4.916,3.0548024,880,14.6666666666667,0.244444444444444,-81.1330409,34.8056921,-81.1803095,34.7951711,320,"B"
"738",6032,6.032,3.7482848,1126,18.7666666666667,0.312777777777778,-81.1803095,34.7951711,-81.1973249,34.744486,321,"B"
"739",173,0.173,0.1075022,55,0.916666666666667,0.0152777777777778,-81.1973249,34.744486,-81.1975892,34.7429425,322,"B"
"740",661,0.661,0.4107454,119,1.98333333333333,0.0330555555555556,-81.1975892,34.7429425,-81.2047338,34.7420026,323,"B"
"741",3398,3.398,2.1115172,571,9.51666666666667,0.158611111111111,-81.2047338,34.7420026,-81.2316696,34.7248093,324,"B"
"742",2812,2.812,1.7473768,550,9.16666666666667,0.152777777777778,-81.2316696,34.7248093,-81.2505991,34.7064775,325,"B"
"743",124,0.124,0.0770536,103,1.71666666666667,0.0286111111111111,-81.2505991,34.7064775,-81.2492534,34.706341,326,"B"
"744",3089,3.089,1.9195046,548,9.13333333333333,0.152222222222222,-81.2492534,34.706341,-81.2529832,34.6815341,327,"B"
"745",19828,19.828,12.3211192,3770,62.8333333333333,1.04722222222222,-81.2529832,34.6815341,-81.4275386,34.5960659,328,"B"
"746",3241,3.241,2.0139574,792,13.2,0.22,-81.4275386,34.5960659,-81.4527192,34.5768752,329,"B"
"747",7466,7.466,4.6393724,1319,21.9833333333333,0.366388888888889,-81.4527192,34.5768752,-81.4329348,34.5138833,330,"B"
"748",3172,3.172,1.9710808,710,11.8333333333333,0.197222222222222,-81.4329348,34.5138833,-81.4644619,34.5039885,331,"B"
"749",1071,1.071,0.6655194,167,2.78333333333333,0.0463888888888889,-81.4644619,34.5039885,-81.4678341,34.4948071,332,"B"
"750",4831,4.831,3.0019834,933,15.55,0.259166666666667,-81.4678341,34.4948071,-81.4758656,34.4521555,333,"B"
"751",7098,7.098,4.4106972,1276,21.2666666666667,0.354444444444444,-81.4758656,34.4521555,-81.4667729,34.3947943,334,"B"
"752",3624,3.624,2.2519536,700,11.6666666666667,0.194444444444444,-81.4667729,34.3947943,-81.490291,34.3705898,335,"B"
"753",3489,3.489,2.1680646,650,10.8333333333333,0.180555555555556,-81.490291,34.3705898,-81.5273383,34.3675582,336,"B"
"754",147,0.147,0.0913458,58,0.966666666666667,0.0161111111111111,-81.5273383,34.3675582,-81.5284896,34.3684801,337,"B"
"755",10682,10.682,6.6377948,1908,31.8,0.53,-81.5284896,34.3684801,-81.5966371,34.2948917,338,"B"
"756",182,0.182,0.1130948,26,0.433333333333333,0.00722222222222222,-81.5966371,34.2948917,-81.5985787,34.295199,339,"B"
"757",1220,1.22,0.758108,241,4.01666666666667,0.0669444444444444,-81.5985787,34.295199,-81.606515,34.2869143,340,"B"
"758",174,0.174,0.1081236,42,0.7,0.0116666666666667,-81.606515,34.2869143,-81.6061328,34.285404,341,"B"
"759",1895,1.895,1.177553,381,6.35,0.105833333333333,-81.6061328,34.285404,-81.6215716,34.2748223,342,"B"
"760",114,0.114,0.0708396,64,1.06666666666667,0.0177777777777778,-81.6215716,34.2748223,-81.6210406,34.2738936,343,"B"
"761",706,0.706,0.4387084,148,2.46666666666667,0.0411111111111111,-81.6210406,34.2738936,-81.6265261,34.2697729,344,"B"
"762",148,0.148,0.0919672,22,0.366666666666667,0.00611111111111111,-81.6265261,34.2697729,-81.6254614,34.2687778,345,"B"
"763",1419,1.419,0.8817666,275,4.58333333333333,0.0763888888888889,-81.6254614,34.2687778,-81.6395124,34.265146,346,"B"
"764",8621,8.621,5.3570894,1597,26.6166666666667,0.443611111111111,-81.6395124,34.265146,-81.698025,34.211312,347,"B"
"765",32679,32.679,20.3067306,6141,102.35,1.70583333333333,-81.698025,34.211312,-81.796833,33.9396846,348,"B"
"766",3006,3.006,1.8679284,599,9.98333333333333,0.166388888888889,-81.796833,33.9396846,-81.7824037,33.9161332,349,"B"
"767",7499,7.499,4.6598786,1451,24.1833333333333,0.403055555555556,-81.7824037,33.9161332,-81.8015959,33.8539248,350,"B"
"768",1685,1.685,1.047059,315,5.25,0.0875,-81.8015959,33.8539248,-81.7987815,33.8394956,351,"B"
"769",1268,1.268,0.7879352,287,4.78333333333333,0.0797222222222222,-81.7987815,33.8394956,-81.8064571,33.830052,352,"B"
"770",261,0.261,0.1621854,50,0.833333333333333,0.0138888888888889,-81.8064571,33.830052,-81.8044573,33.8283953,353,"B"
"771",956,0.956,0.5940584,184,3.06666666666667,0.0511111111111111,-81.8044573,33.8283953,-81.8123154,33.8228019,354,"B"
"772",1475,1.475,0.916565,293,4.88333333333333,0.0813888888888889,-81.8123154,33.8228019,-81.8127788,33.8096379,355,"B"
"773",369,0.369,0.2292966,61,1.01666666666667,0.0169444444444444,-81.8127788,33.8096379,-81.8131671,33.8063388,356,"B"
"774",4581,4.581,2.8466334,810,13.5,0.225,-81.8131671,33.8063388,-81.8365932,33.7715038,357,"B"
"775",1270,1.27,0.789178,246,4.1,0.0683333333333333,-81.8365932,33.7715038,-81.8396973,33.760576,358,"B"
"776",676,0.676,0.4200664,173,2.88333333333333,0.0480555555555556,-81.8396973,33.760576,-81.8420398,33.75523,359,"B"
"777",22884,22.884,14.2201176,4161,69.35,1.15583333333333,-81.8420398,33.75523,-81.9388032,33.5738984,360,"B"
"778",1803,1.803,1.1203842,299,4.98333333333333,0.0830555555555555,-81.9388032,33.5738984,-81.9565615,33.5691104,361,"B"
"779",3663,3.663,2.2761882,647,10.7833333333333,0.179722222222222,-81.9565615,33.5691104,-81.9633831,33.5379299,362,"B"
"780",316,0.316,0.1963624,91,1.51666666666667,0.0252777777777778,-81.9633831,33.5379299,-81.9665064,33.5390137,363,"B"
"781",549,0.549,0.3411486,98,1.63333333333333,0.0272222222222222,-81.9665064,33.5390137,-81.9653034,33.5342819,364,"B"
"782",2992,2.992,1.8592288,506,8.43333333333333,0.140555555555556,-81.9653034,33.5342819,-81.984838,33.5161127,365,"B"
"783",3595,3.595,2.233933,581,9.68333333333333,0.161388888888889,-81.984838,33.5161127,-81.9809227,33.4908653,366,"B"
"784",675,0.675,0.419445,122,2.03333333333333,0.0338888888888889,-81.9809227,33.4908653,-81.9741562,33.4886183,367,"B"
"785",88,0.088,0.0546832,18,0.3,0.005,-81.9741562,33.4886183,-81.9735778,33.4880099,368,"B"
"786",231,0.231,0.1435434,116,1.93333333333333,0.0322222222222222,-81.9735778,33.4880099,-81.9723976,33.4895852,369,"B"
"787",804,0.804,0.4996056,162,2.7,0.045,-81.9723976,33.4895852,-81.9736497,33.4826673,370,"B"
"788",1289,1.289,0.8009846,274,4.56666666666667,0.0761111111111111,-81.9736497,33.4826673,-81.9786884,33.4718827,371,"B"
"789",263,0.263,0.1634282,92,1.53333333333333,0.0255555555555556,-81.9786884,33.4718827,-81.9761868,33.4707731,372,"B"
"790",1983,1.983,1.2322362,437,7.28333333333333,0.121388888888889,-81.9761868,33.4707731,-81.9831448,33.4539797,373,"B"
"791",2107,2.107,1.3092898,406,6.76666666666667,0.112777777777778,-81.9831448,33.4539797,-81.9978189,33.4396647,374,"B"
"792",430,0.43,0.267202,94,1.56666666666667,0.0261111111111111,-81.9978189,33.4396647,-82.0021026,33.4382077,375,"B"
"793",461,0.461,0.2864654,83,1.38333333333333,0.0230555555555556,-82.0021026,33.4382077,-82.0063367,33.4367578,376,"B"
"794",13616,13.616,8.4609824,2837,47.2833333333333,0.788055555555556,-82.0063367,33.4367578,-82.0604637,33.3290455,377,"B"
"795",1137,1.137,0.7065318,213,3.55,0.0591666666666667,-82.0604637,33.3290455,-82.0686062,33.3217042,378,"B"
"796",4446,4.446,2.7627444,859,14.3166666666667,0.238611111111111,-82.0686062,33.3217042,-82.1139072,33.308983,379,"B"
"797",686,0.686,0.4262804,138,2.3,0.0383333333333333,-82.1139072,33.308983,-82.1202062,33.3060319,380,"B"
"798",16810,16.81,10.445734,3284,54.7333333333333,0.912222222222222,-82.1202062,33.3060319,-82.2224784,33.1987827,381,"B"
"799",1206,1.206,0.7494084,275,4.58333333333333,0.0763888888888889,-82.2224784,33.1987827,-82.2214085,33.1882871,382,"B"
"800",6002,6.002,3.7296428,1299,21.65,0.360833333333333,-82.2214085,33.1882871,-82.2670198,33.1527458,383,"B"
"801",20298,20.298,12.6131772,3639,60.65,1.01083333333333,-82.2670198,33.1527458,-82.3982201,33.0103432,384,"B"
"802",5088,5.088,3.1616832,922,15.3666666666667,0.256111111111111,-82.3982201,33.0103432,-82.3905939,32.9652975,385,"B"
"803",5106,5.106,3.1728684,1031,17.1833333333333,0.286388888888889,-82.3905939,32.9652975,-82.40852,32.923078,386,"B"
"804",7969,7.969,4.9519366,1356,22.6,0.376666666666667,-82.40852,32.923078,-82.4643672,32.8829579,387,"B"
"805",930,0.93,0.577902,151,2.51666666666667,0.0419444444444444,-82.4643672,32.8829579,-82.4732753,32.8793669,388,"B"
"806",42,0.042,0.0260988,5,0.0833333333333333,0.00138888888888889,-82.4732753,32.8793669,-82.4731021,32.8790168,389,"B"
"807",1287,1.287,0.7997418,309,5.15,0.0858333333333333,-82.4731021,32.8790168,-82.4780501,32.8686239,390,"B"
"808",5318,5.318,3.3046052,969,16.15,0.269166666666667,-82.4780501,32.8686239,-82.5246529,32.845619,391,"B"
"809",293,0.293,0.1820702,59,0.983333333333333,0.0163888888888889,-82.5246529,32.845619,-82.5268014,32.8437176,392,"B"
"810",981,0.981,0.6095934,184,3.06666666666667,0.0511111111111111,-82.5268014,32.8437176,-82.5370767,32.8441074,393,"B"
"811",5236,5.236,3.2536504,955,15.9166666666667,0.265277777777778,-82.5370767,32.8441074,-82.5894396,32.8438357,394,"B"
"812",14109,14.109,8.7673326,2567,42.7833333333333,0.713055555555556,-82.5894396,32.8438357,-82.696359,32.7656502,395,"B"
"813",1126,1.126,0.6996964,230,3.83333333333333,0.0638888888888889,-82.696359,32.7656502,-82.7041164,32.7582162,396,"B"
"814",3180,3.18,1.976052,557,9.28333333333333,0.154722222222222,-82.7041164,32.7582162,-82.7090275,32.7312998,397,"B"
"815",787,0.787,0.4890418,160,2.66666666666667,0.0444444444444444,-82.7090275,32.7312998,-82.7174311,32.7313287,398,"B"
"816",104,0.104,0.0646256,40,0.666666666666667,0.0111111111111111,-82.7174311,32.7313287,-82.7174682,32.7303943,399,"B"
"817",2296,2.296,1.4267344,450,7.5,0.125,-82.7174682,32.7303943,-82.7409418,32.7264068,400,"B"
"818",26410,26.41,16.411174,4694,78.2333333333333,1.30388888888889,-82.7409418,32.7264068,-82.8955058,32.5430887,401,"B"
"819",105,0.105,0.065247,60,1,0.0166666666666667,-82.8955058,32.5430887,-82.895126,32.5422016,402,"B"
"820",605,0.605,0.375947,113,1.88333333333333,0.0313888888888889,-82.895126,32.5422016,-82.9009671,32.5399061,403,"B"
"821",161,0.161,0.1000454,28,0.466666666666667,0.00777777777777778,-82.9009671,32.5399061,-82.9004252,32.5385689,404,"B"
"822",563,0.563,0.3498482,163,2.71666666666667,0.0452777777777778,-82.9004252,32.5385689,-82.9058484,32.5365014,405,"B"
"823",11554,11.554,7.1796556,2209,36.8166666666667,0.613611111111111,-82.9058484,32.5365014,-82.944874,32.4410182,406,"B"
"824",7283,7.283,4.5256562,1323,22.05,0.3675,-82.944874,32.4410182,-82.9911455,32.3907351,407,"B"
"825",752,0.752,0.4672928,132,2.2,0.0366666666666667,-82.9911455,32.3907351,-82.9933584,32.3842469,408,"B"
"826",168,0.168,0.1043952,64,1.06666666666667,0.0177777777777778,-82.9933584,32.3842469,-82.9916931,32.3837068,409,"B"
"827",694,0.694,0.4312516,117,1.95,0.0325,-82.9916931,32.3837068,-82.9938746,32.3777736,410,"B"
"828",26920,26.92,16.728088,5067,84.45,1.4075,-82.9938746,32.3777736,-83.1764983,32.1990555,411,"B"
"829",247,0.247,0.1534858,53,0.883333333333333,0.0147222222222222,-83.1764983,32.1990555,-83.178623,32.1978058,412,"B"
"830",645,0.645,0.400803,165,2.75,0.0458333333333333,-83.178623,32.1978058,-83.1753203,32.1928444,413,"B"
"831",3729,3.729,2.3172006,740,12.3333333333333,0.205555555555556,-83.1753203,32.1928444,-83.1822029,32.1603116,414,"B"
"832",4364,4.364,2.7117896,772,12.8666666666667,0.214444444444444,-83.1822029,32.1603116,-83.1920064,32.1221455,415,"B"
"833",477,0.477,0.2964078,87,1.45,0.0241666666666667,-83.1920064,32.1221455,-83.1927952,32.1179205,416,"B"
"834",2999,2.999,1.8635786,492,8.2,0.136666666666667,-83.1927952,32.1179205,-83.2004253,32.0921777,417,"B"
"835",3177,3.177,1.9741878,615,10.25,0.170833333333333,-83.2004253,32.0921777,-83.2242757,32.0719933,418,"B"
"836",4921,4.921,3.0579094,830,13.8333333333333,0.230555555555556,-83.2242757,32.0719933,-83.2559138,32.038628,419,"B"
"837",4320,4.32,2.684448,804,13.4,0.223333333333333,-83.2559138,32.038628,-83.2465963,32.0013909,420,"B"
"838",5808,5.808,3.6090912,1101,18.35,0.305833333333333,-83.2465963,32.0013909,-83.3069106,31.9923616,421,"B"
"839",384,0.384,0.2386176,130,2.16666666666667,0.0361111111111111,-83.3069106,31.9923616,-83.3068699,31.988907,422,"B"
"840",195,0.195,0.121173,24,0.4,0.00666666666666667,-83.3068699,31.988907,-83.3089342,31.9889025,423,"B"
"841",629,0.629,0.3908606,162,2.7,0.045,-83.3089342,31.9889025,-83.3090289,31.9832461,424,"B"
"842",5558,5.558,3.4537412,969,16.15,0.269166666666667,-83.3090289,31.9832461,-83.3275244,31.9371136,425,"B"
"843",1390,1.39,0.863746,264,4.4,0.0733333333333333,-83.3275244,31.9371136,-83.3281712,31.924655,426,"B"
"844",9317,9.317,5.7895838,1700,28.3333333333333,0.472222222222222,-83.3281712,31.924655,-83.3564859,31.846509,427,"B"
"845",6546,6.546,4.0676844,1351,22.5166666666667,0.375277777777778,-83.3564859,31.846509,-83.3872166,31.794963,428,"B"
"846",1370,1.37,0.851318,255,4.25,0.0708333333333333,-83.3872166,31.794963,-83.388666,31.7827533,429,"B"
"847",1291,1.291,0.8022274,233,3.88333333333333,0.0647222222222222,-83.388666,31.7827533,-83.384394,31.7734007,430,"B"
"848",1803,1.803,1.1203842,322,5.36666666666667,0.0894444444444444,-83.384394,31.7734007,-83.3844932,31.7572131,431,"B"
"849",4180,4.18,2.597452,692,11.5333333333333,0.192222222222222,-83.3844932,31.7572131,-83.3848772,31.7196261,432,"B"
"850",8027,8.027,4.9879778,1416,23.6,0.393333333333333,-83.3848772,31.7196261,-83.382837,31.6481861,433,"B"
"851",4295,4.295,2.668913,748,12.4666666666667,0.207777777777778,-83.382837,31.6481861,-83.4209831,31.6284282,434,"B"
"852",1732,1.732,1.0762648,359,5.98333333333333,0.0997222222222222,-83.4209831,31.6284282,-83.4328218,31.6166496,435,"B"
"853",4283,4.283,2.6614562,772,12.8666666666667,0.214444444444444,-83.4328218,31.6166496,-83.4327835,31.5788828,436,"B"
"854",461,0.461,0.2864654,76,1.26666666666667,0.0211111111111111,-83.4327835,31.5788828,-83.4345538,31.5751362,437,"B"
"855",1727,1.727,1.0731578,277,4.61666666666667,0.0769444444444444,-83.4345538,31.5751362,-83.447053,31.563828,438,"B"
"856",998,0.998,0.6201572,217,3.61666666666667,0.0602777777777778,-83.447053,31.563828,-83.4545209,31.5575529,439,"B"
"857",149,0.149,0.0925886,53,0.883333333333333,0.0147222222222222,-83.4545209,31.5575529,-83.4560397,31.5572248,440,"B"
"858",1250,1.25,0.77675,197,3.28333333333333,0.0547222222222222,-83.4560397,31.5572248,-83.4563098,31.5459823,441,"B"
"859",157,0.157,0.0975598,25,0.416666666666667,0.00694444444444444,-83.4563098,31.5459823,-83.4563248,31.5445673,442,"B"
"860",1547,1.547,0.9613058,314,5.23333333333333,0.0872222222222222,-83.4563248,31.5445673,-83.4564876,31.5306524,443,"B"
"861",336,0.336,0.2087904,51,0.85,0.0141666666666667,-83.4564876,31.5306524,-83.4600256,31.5304759,444,"B"
"862",3013,3.013,1.8722782,546,9.1,0.151666666666667,-83.4600256,31.5304759,-83.4589919,31.5035396,445,"B"
"863",328,0.328,0.2038192,81,1.35,0.0225,-83.4589919,31.5035396,-83.4558199,31.502698,446,"B"
"864",2748,2.748,1.7076072,465,7.75,0.129166666666667,-83.4558199,31.502698,-83.4723342,31.4836663,447,"B"
"865",4903,4.903,3.0467242,902,15.0333333333333,0.250555555555556,-83.4723342,31.4836663,-83.4723617,31.4419696,448,"B"
"866",548,0.548,0.3405272,124,2.06666666666667,0.0344444444444444,-83.4723617,31.4419696,-83.47787,31.4434439,449,"B"
"867",884,0.884,0.5493176,245,4.08333333333333,0.0680555555555555,-83.47787,31.4434439,-83.4764745,31.435806,450,"B"
"868",3233,3.233,2.0089862,565,9.41666666666667,0.156944444444444,-83.4764745,31.435806,-83.4740994,31.4079446,451,"B"
"869",40,0.04,0.024856,53,0.883333333333333,0.0147222222222222,-83.4740994,31.4079446,-83.4738402,31.4076614,452,"B"
"870",6032,6.032,3.7482848,1085,18.0833333333333,0.301388888888889,-83.4738402,31.4076614,-83.4860266,31.3591209,453,"B"
"871",10789,10.789,6.7042846,1895,31.5833333333333,0.526388888888889,-83.4860266,31.3591209,-83.4632746,31.2641538,454,"B"
